student_id,branch,cgpa,backlogs,certifications,projects,dsa_problems,internship,communication_score,mock_interview_score,placed,cluster,PC1,PC2
STU0001,IT,7.76,3,4,5,58,0,70.1,74.7,0,0,0.49258298034741377,1.7080603203727107
STU0002,Civil,6.4,0,4,3,72,0,53.5,82.1,0,1,-1.2356645605297862,1.301837477524483
STU0003,ENTC,7.94,0,1,0,76,0,64.7,45.9,1,1,-0.2593848875712948,-1.7389951407915618
STU0004,AI&DS,8.15,0,5,2,68,1,66.3,66.0,1,2,0.8357061845071012,0.2752235604350323
STU0005,Computer,8.1,0,2,4,66,1,40.2,64.2,1,2,-1.3863141920135087,0.9397436091877387
STU0006,Computer,8.57,0,1,2,80,1,65.4,68.1,1,2,0.11703763755341748,-0.39894495987717415
STU0007,Computer,8.35,0,4,1,70,1,77.4,64.8,1,2,1.3538875871054705,-0.7629946057121648
STU0008,Mechanical,8.01,0,3,4,75,1,66.2,50.3,1,2,-0.3904692441865703,0.3004047099906278
STU0009,AI&DS,7.54,0,3,3,61,0,71.3,86.8,1,1,0.20989869784028908,0.07242482459067945
STU0010,ENTC,6.11,0,6,3,80,0,74.3,93.2,0,1,-0.019194949970817367,1.6892684308522596
STU0011,Computer,7.99,0,4,1,74,0,63.5,73.2,1,1,0.6504498775567249,0.16368848370804312
STU0012,Civil,7.79,0,8,1,79,1,77.5,74.0,1,2,2.0034018763500616,1.0079672123811718
STU0013,Mechanical,7.84,0,3,3,64,1,86.9,67.0,1,2,0.7575284761830433,-0.909573607951967
STU0014,Computer,6.45,0,2,2,62,0,48.2,79.5,0,1,-1.707642178005469,0.05939696141664958
STU0015,Computer,6.63,1,3,3,62,0,63.5,28.4,0,1,-1.431673990653926,-0.6823051964424216
STU0016,Computer,8.55,0,2,3,66,0,98.3,64.9,1,1,1.5093371116844356,-1.495608738574829
STU0017,IT,7.56,0,5,2,70,1,70.2,56.4,1,2,0.400704998231333,-0.05193686631946033
STU0018,AI&DS,8.21,0,4,5,64,0,67.5,67.2,1,1,0.16794570625865696,0.9845609769478204
STU0019,IT,7.63,3,3,4,73,1,64.6,81.4,1,0,0.11838995764406202,1.8809369023705125
STU0020,Computer,7.63,0,5,3,65,1,84.6,65.3,1,2,0.9724713931079367,-0.21093763333391963
STU0021,AI&DS,8.44,0,3,1,76,0,55.8,59.6,0,1,0.256286556714918,-0.06136327132410463
STU0022,Computer,7.14,0,1,1,70,1,80.0,44.0,1,2,-0.49513865639334326,-2.3542312269966708
STU0023,Computer,7.69,0,3,3,75,1,64.4,63.4,1,2,-0.34346186455427835,0.2749071976261989
STU0024,IT,7.18,0,7,1,69,0,58.3,75.1,0,1,0.6040801723592856,1.0929789179862048
STU0025,IT,7.21,0,3,5,79,1,65.0,52.4,1,2,-1.235889354127298,0.8671526695409585
STU0026,ENTC,7.32,2,2,1,83,0,67.4,34.9,0,0,-0.4496606973325524,-0.5669359239335852
STU0027,Computer,7.8,0,5,3,69,0,61.5,99.1,1,1,0.6482573089660022,1.6769446089336906
STU0028,AI&DS,7.17,1,2,2,73,1,82.5,70.0,1,2,0.16459898202559592,-0.7481662250277815
STU0029,AI&DS,8.73,4,4,3,68,1,58.4,61.7,0,0,1.0680118208247196,1.7901527383085032
STU0030,Computer,6.79,0,1,1,69,1,69.8,85.9,0,2,-0.6133146339961743,-1.0763903220179385
STU0031,AI&DS,7.43,0,3,2,70,1,75.0,67.1,0,2,0.1381076400269628,-0.6231266201337855
STU0032,Computer,7.2,0,8,2,71,1,69.7,85.0,1,2,1.2201345303724023,1.572820434672652
STU0033,Computer,8.9,0,3,4,69,1,78.0,83.7,1,2,1.2317160617341447,0.44275511810367557
STU0034,Civil,7.78,0,5,0,77,1,62.4,45.9,0,2,0.4796170361354477,-0.45186165599401895
STU0035,Civil,8.53,2,6,4,74,1,76.1,71.9,1,0,1.735724253815156,1.963425984221899
STU0036,Mechanical,6.26,1,5,4,71,0,76.5,90.9,0,1,-0.10340804349263519,1.5759036842095342
STU0037,IT,7.84,0,4,2,65,1,80.6,50.0,1,2,0.7177475796514218,-1.0789283591824075
STU0038,Computer,8.4,0,3,4,71,0,43.5,50.2,1,1,-0.9476161854991669,1.1029454366443059
STU0039,ENTC,7.67,1,4,0,60,0,74.6,52.7,0,1,0.967913401769686,-1.355079793254841
STU0040,IT,8.56,3,0,5,59,0,79.7,78.4,0,0,0.5481116332071245,0.27130324708003
STU0041,Computer,7.13,1,8,3,69,1,62.7,69.3,1,2,0.6433908635770937,2.07154545798885
STU0042,IT,8.87,0,2,2,77,0,60.9,36.0,1,1,0.03541981189375002,-0.6662977598993635
STU0043,Computer,9.67,0,4,2,78,0,58.9,70.1,1,1,1.5164533746238829,0.9045642389583702
STU0044,Civil,7.27,0,0,1,58,1,54.6,61.2,1,2,-1.3812478325545792,-1.7764732075866334
STU0045,Computer,7.2,0,1,5,68,0,76.7,63.3,0,1,-1.0549587973208134,-0.3008421555737008
STU0046,ENTC,8.91,0,7,0,76,1,97.7,52.4,1,2,3.3433843945516317,-0.9722251834964211
STU0047,IT,9.02,0,4,3,67,0,60.8,70.2,1,1,0.9401494258186599,0.7343857198625551
STU0048,AI&DS,7.13,0,5,2,63,0,61.9,80.8,1,1,0.11932613529479014,0.5953832416454955
STU0049,AI&DS,7.22,0,1,5,68,0,68.2,55.4,1,1,-1.4826676929901765,-0.1593540983896431
STU0050,Computer,7.35,0,5,2,61,1,47.2,39.8,0,2,-0.8636600382652592,0.07166025211886995
STU0051,Civil,6.39,0,1,3,80,0,59.0,60.5,0,1,-2.0828198683744414,-0.025596303364640596
STU0052,ENTC,6.77,0,2,3,66,1,67.3,76.3,1,2,-0.9815922991389048,-0.26474246286187675
STU0053,Civil,6.7,0,1,3,56,0,56.4,58.7,0,1,-1.8807548001074568,-0.883190029338338
STU0054,Mechanical,6.91,0,4,1,75,0,83.6,42.5,0,1,0.2066230272175248,-1.3267156127527233
STU0055,AI&DS,7.57,1,3,1,75,0,51.2,76.4,0,1,-0.22384791872596424,0.7031473041163371
STU0056,Civil,7.81,0,1,2,69,0,79.7,86.2,1,1,0.4125369702885806,-0.9247852430727657
STU0057,Computer,9.0,0,3,3,90,1,87.1,65.3,1,2,1.5415434165697033,0.1341277068995862
STU0058,Computer,6.7,0,2,1,86,1,73.0,40.9,0,2,-0.9673661306941468,-1.2540755534299213
STU0059,Computer,8.49,3,2,3,71,1,66.2,60.2,0,0,0.5182100212397613,0.6325502407180721
STU0060,IT,7.41,0,1,2,62,0,71.2,67.3,0,1,-0.45898512872656316,-1.3347892308206788
STU0061,IT,7.56,0,3,4,63,0,62.3,52.9,0,1,-0.7819006469517051,0.08856357883830537
STU0062,Computer,8.21,0,2,5,67,0,41.5,73.8,1,1,-1.2865777532344338,1.6061320911104386
STU0063,Mechanical,6.59,0,3,3,69,1,55.3,51.4,0,2,-1.692003385174449,0.03739123874004601
STU0064,IT,7.94,0,3,2,72,0,67.9,65.4,0,1,0.25134833443774335,-0.2032536043892067
STU0065,Computer,7.75,0,5,2,60,1,55.8,61.6,0,2,0.08023722001216946,0.23233663962463616
STU0066,AI&DS,8.04,2,6,0,64,0,62.6,74.2,0,0,1.6893743912108339,0.6983188320093764
STU0067,Computer,7.86,0,3,2,65,0,74.2,64.8,1,1,0.4587967176695359,-0.7324121930877625
STU0068,Mechanical,9.81,2,5,3,59,0,69.9,62.1,0,0,2.3810610985904783,0.8696580760102615
STU0069,Computer,7.03,1,2,3,72,0,81.8,53.0,1,1,-0.35310219609674864,-0.7075949640144793
STU0070,Civil,7.12,0,2,5,63,1,71.8,65.5,1,2,-1.0486398744798433,-0.032567198190420935
STU0071,ENTC,7.04,2,4,2,68,0,72.6,61.1,0,0,0.24685663770868357,0.2281983566397244
STU0072,Computer,7.1,0,3,3,62,1,58.7,51.9,1,2,-1.1297539819168245,-0.31823081557555755
STU0073,Computer,7.03,0,2,3,68,0,50.7,67.4,0,1,-1.5351883468054734,0.3323514717061589
STU0074,Mechanical,8.67,0,1,3,75,1,62.6,70.5,1,2,-0.0591812205695202,-0.05598802585378004
STU0075,ENTC,8.88,0,5,2,80,0,58.5,59.9,1,1,0.9952550699675596,1.0253511300434144
STU0076,ENTC,7.09,0,3,3,78,1,65.8,79.0,1,2,-0.5558918343770431,0.6550067244350734
STU0077,ENTC,6.85,0,4,3,58,1,54.1,69.0,1,2,-1.0171924236775947,0.38554336568224096
STU0078,Computer,8.02,0,1,3,69,1,79.0,45.7,1,2,-0.21386918232258845,-1.5165873632847215
STU0079,IT,7.1,0,3,5,60,0,58.5,85.1,0,1,-1.0435024387108573,1.1896243479782305
STU0080,Computer,8.17,0,4,2,67,1,63.3,76.5,1,2,0.6269063985299592,0.2772740568007529
STU0081,Mechanical,7.78,0,2,0,66,0,67.7,80.0,0,1,0.47298200061858997,-1.1617190916727775
STU0082,AI&DS,6.24,0,2,3,83,0,82.6,71.0,0,1,-0.8833858492642943,-0.2557457015003879
STU0083,IT,8.99,0,2,3,64,0,90.9,29.9,1,1,1.098595788515206,-2.0637048886421634
STU0084,Computer,9.22,1,4,1,70,0,91.8,81.4,1,1,3.000331894148612,-0.48535830788677525
STU0085,IT,7.05,0,5,4,64,1,51.3,65.9,0,2,-0.9827145665426847,1.351136058417472
STU0086,IT,7.25,1,2,5,61,0,63.1,70.3,0,1,-1.0426474744773553,0.7194729517944483
STU0087,ENTC,7.86,0,2,5,75,1,60.7,73.1,1,2,-0.8635339974607139,1.0757542885015987
STU0088,AI&DS,7.9,0,4,1,74,1,72.8,94.0,1,2,1.194637803578732,0.20232297654167958
STU0089,Mechanical,8.19,0,0,4,90,0,72.0,56.8,0,1,-0.7010403525548908,-0.03280627952022129
STU0090,IT,9.41,0,3,3,86,1,60.4,57.2,1,2,0.7025078137397823,0.8269884334093354
STU0091,Computer,7.44,0,0,3,77,0,59.4,52.2,0,1,-1.6019557784062923,-0.5900252974927398
STU0092,ENTC,6.88,1,2,3,70,1,55.0,49.0,0,2,-1.6140150223836986,0.04400740253837873
STU0093,ENTC,6.36,0,2,4,61,0,33.5,49.2,0,1,-3.145001100849424,0.619141256880994
STU0094,AI&DS,6.94,1,1,3,59,1,51.1,37.2,0,2,-2.0854982006882943,-0.8155971133065661
STU0095,ENTC,7.57,1,4,2,87,1,79.3,71.4,0,2,0.8071857786651272,0.6020871206210355
STU0096,IT,9.22,2,5,3,71,1,87.0,94.8,1,0,2.962254488522485,1.3201084326575372
STU0097,AI&DS,7.13,2,1,3,65,0,85.5,95.8,0,0,0.3658510802112095,-0.14514617239237634
STU0098,IT,7.8,0,4,1,65,0,79.8,52.2,0,1,0.9086671909100762,-1.292833095363932
STU0099,Computer,7.59,0,0,4,97,0,54.8,60.9,1,1,-1.821588388113514,0.9418350949755435
STU0100,Computer,8.67,0,6,3,76,0,52.6,83.5,1,1,0.9805289161620311,2.2998923954473853
STU0101,Computer,9.87,0,5,3,72,0,44.5,71.5,1,1,1.1934575535786,1.9424073281910463
STU0102,AI&DS,7.12,0,1,1,65,1,60.4,67.0,1,2,-0.9680407842708431,-1.2871406170325288
STU0103,IT,7.16,1,5,3,74,0,69.1,61.1,0,1,0.0837339794856557,0.9808748805681996
STU0104,AI&DS,8.54,0,1,1,75,0,54.9,82.7,0,1,0.11222825571148892,-0.15862544202779919
STU0105,Civil,8.21,0,4,1,85,1,73.6,48.9,1,2,0.8276342792649161,-0.4072743067499875
STU0106,Computer,9.26,0,2,3,80,1,76.5,72.2,1,2,1.2015004313934108,0.005757635823469995
STU0107,IT,8.13,0,1,2,68,0,61.8,70.2,1,1,-0.26133922572695245,-0.6328321302129171
STU0108,ENTC,7.28,0,3,3,68,0,50.6,65.7,1,1,-1.121049518019895,0.626791107199262
STU0109,Computer,8.13,2,3,1,77,0,86.0,76.8,0,0,1.741629706446514,-0.17945195983086815
STU0110,Computer,8.6,0,6,2,73,0,68.5,65.5,1,1,1.5251855497285765,0.7977345487750227
STU0111,Computer,8.34,0,0,1,78,1,93.2,57.0,1,2,0.8521838659432244,-2.476713981861514
STU0112,Computer,8.06,0,3,5,66,0,69.2,66.4,1,1,-0.14581404706606205,0.6573658339424403
STU0113,Civil,8.56,0,5,3,82,1,70.1,41.1,1,2,0.7291645433904163,0.5076693853428684
STU0114,Mechanical,8.65,0,1,3,81,1,55.5,74.2,1,2,-0.3309497163610517,0.5284234655606229
STU0115,AI&DS,8.84,0,3,2,74,1,62.5,78.0,0,2,0.8586832949379228,0.34598644335019424
STU0116,Mechanical,8.18,0,4,1,74,0,47.7,55.2,1,1,-0.07042724920384244,0.36121936212946304
STU0117,Mechanical,7.45,0,2,5,70,0,50.5,51.6,1,1,-1.8203173740556553,0.8270767681389206
STU0118,Computer,7.73,0,3,2,67,1,77.6,55.7,1,2,0.3337312379022526,-1.0780930917309484
STU0119,Mechanical,8.69,0,7,2,57,0,64.3,64.1,1,1,1.716390318526087,0.6195136353194026
STU0120,AI&DS,6.86,0,1,3,56,0,62.5,68.2,0,1,-1.388417069099005,-0.8857918463126802
STU0121,Mechanical,7.93,0,3,0,68,0,58.4,89.2,0,1,0.5802299092908911,-0.20067239461314412
STU0122,Mechanical,7.25,0,3,4,74,0,63.0,87.3,1,1,-0.5793040673926395,1.2547676809105857
STU0123,IT,7.63,4,1,3,72,1,82.7,77.5,0,0,0.6378544507003072,0.37900865373166603
STU0124,Computer,8.75,0,1,2,79,0,69.9,66.8,1,1,0.45396001900913757,-0.5459053686625301
STU0125,Computer,7.77,0,2,1,83,0,52.7,51.1,0,1,-0.7710332475433062,-0.22297599116171682
STU0126,IT,7.64,0,2,1,82,0,81.4,90.2,0,1,0.7931144763030887,-0.4604139380492362
STU0127,Mechanical,6.38,0,6,4,71,1,90.4,61.3,1,2,0.21752320882439902,0.3137891325304422
STU0128,Mechanical,8.27,0,1,3,83,1,74.4,69.2,1,2,0.05464018896502241,-0.24518931759658086
STU0129,Computer,8.18,0,3,2,64,1,79.6,74.4,1,2,1.0198207745086538,-0.813992667301146
STU0130,AI&DS,9.55,3,3,1,67,0,83.9,65.9,1,0,2.7970280237638225,-0.33960268697495577
STU0131,IT,7.32,0,4,3,64,0,46.5,82.3,1,1,-0.7711789893211473,1.3195646627519977
STU0132,Computer,7.8,0,2,3,54,0,92.2,71.8,1,1,0.82336837558149,-1.6256739216793816
STU0133,Computer,7.82,0,3,2,61,1,82.3,79.8,1,2,0.9320221586160312,-0.9333674805295895
STU0134,IT,9.02,0,4,2,53,1,74.4,71.7,0,2,1.7145770042157387,-0.7395883280345713
STU0135,Civil,7.51,0,2,2,63,1,66.4,64.4,1,2,-0.39965899523306203,-0.9408790483691759
STU0136,IT,7.85,0,3,3,69,0,50.6,66.1,1,1,-0.679202954497393,0.712705782359771
STU0137,AI&DS,8.15,1,2,5,77,1,63.7,64.1,1,2,-0.49771477966603506,1.1592897048754167
STU0138,ENTC,7.77,0,4,1,74,0,73.8,45.7,0,1,0.5267008532045998,-0.8662877528234116
STU0139,IT,7.2,0,1,3,83,1,53.6,50.0,1,2,-1.8545786755975098,0.02978460077995715
STU0140,Civil,7.77,2,3,2,71,0,67.1,76.1,0,0,0.5314989882129313,0.6300695502876403
STU0141,Civil,8.57,0,5,2,66,1,52.6,46.1,1,2,0.35848622416553605,0.28761755865475785
STU0142,Computer,6.68,3,2,2,74,0,63.0,58.9,0,0,-0.811302425124207,0.42868620968937304
STU0143,IT,7.72,0,4,4,75,0,50.4,49.2,1,1,-0.9787730015976348,1.2436707445880564
STU0144,IT,6.97,2,2,3,60,1,49.0,58.1,0,0,-1.4765471055512776,0.39871320978620817
STU0145,Computer,8.68,0,1,3,68,0,72.4,62.7,1,1,0.2939762797930126,-0.7959937497992359
STU0146,Computer,6.23,1,3,2,63,1,60.5,58.9,0,2,-1.2997494914647099,-0.3113747359707162
STU0147,AI&DS,7.1,4,4,1,81,1,61.7,43.6,0,0,0.03689320075514543,0.9095641678662962
STU0148,AI&DS,7.94,0,7,1,58,1,59.8,62.2,1,2,1.0892609626147076,0.28478941520186674
STU0149,Computer,9.01,3,4,3,57,0,100.0,50.6,0,0,2.7187278446158434,-0.6661806453475856
STU0150,Computer,7.54,0,6,1,61,0,75.9,55.5,0,1,1.106201104337356,-0.6179925405836346
STU0151,Civil,7.1,0,4,3,80,1,77.3,76.1,1,2,0.11151816492592385,0.5469068461164266
STU0152,Computer,9.29,0,1,2,72,0,57.9,79.3,0,1,0.5848441908100641,-0.045471046752165706
STU0153,Computer,6.3,0,1,2,81,1,74.6,45.3,1,2,-1.5755902249998779,-1.3773613727979774
STU0154,IT,5.62,0,7,3,75,0,65.0,88.5,0,1,-0.5640942239814781,2.0180811535391374
STU0155,Civil,8.0,0,4,2,63,0,57.8,57.3,0,1,0.06942178201821424,-0.04118434238578107
STU0156,Computer,7.15,0,3,1,68,0,93.1,56.0,0,1,0.7278761631468567,-1.9465033713140387
STU0157,ENTC,6.68,1,3,2,78,0,75.4,51.6,0,1,-0.47944588181316194,-0.3458030914508342
STU0158,ENTC,8.24,1,3,3,69,0,74.8,65.8,0,1,0.7309733636402049,0.12441478547663527
STU0159,Computer,7.82,0,3,3,72,1,55.4,94.7,1,2,-0.1758948222484409,1.2196976736757024
STU0160,ENTC,7.09,0,1,2,68,1,51.5,41.9,1,2,-1.8817257573624162,-1.0384221599502024
STU0161,IT,6.45,0,1,3,64,0,67.3,34.1,0,1,-1.9953838621598396,-1.5599281500597375
STU0162,AI&DS,8.39,0,3,1,69,1,60.5,69.0,1,2,0.5234703444570098,-0.37945528463740996
STU0163,AI&DS,8.19,0,0,2,57,0,76.0,73.5,1,1,0.1880411817240087,-1.8301787411748378
STU0164,AI&DS,7.51,0,3,0,62,1,76.8,65.8,0,2,0.6693068146168045,-1.7687472374281321
STU0165,Computer,9.26,0,3,4,68,1,68.9,73.9,1,2,1.0213392781076034,0.5471237302161621
STU0166,Mechanical,6.64,3,0,2,72,1,78.8,48.0,0,0,-0.8767930034737935,-1.200945162856655
STU0167,IT,6.23,0,2,2,69,0,70.5,50.8,0,1,-1.3955467240853572,-1.1774528820100976
STU0168,Computer,6.98,0,1,2,62,0,56.7,66.9,0,1,-1.3739968855689721,-0.8259904125742031
STU0169,Computer,7.56,0,2,1,81,0,65.4,91.4,0,1,0.11364767348394238,0.1256728352586162
STU0170,AI&DS,7.82,0,4,3,68,1,69.8,73.4,1,2,0.37820239328389754,0.3482128371956013
STU0171,ENTC,7.38,0,4,1,70,0,80.1,74.1,0,1,0.8673712594123942,-0.6377209297251631
STU0172,Computer,7.92,0,1,1,71,1,70.9,48.9,0,2,-0.19396847766583736,-1.8087961133079444
STU0173,AI&DS,6.47,0,3,3,61,0,60.6,71.3,0,1,-1.2480355667465584,0.05114838123315432
STU0174,Computer,8.9,0,3,2,59,1,80.6,47.3,1,2,1.275791918996789,-1.6167855892392837
STU0175,AI&DS,7.53,4,2,3,62,0,72.9,91.5,0,0,0.672716153247959,1.0635283455386677
STU0176,Computer,8.61,2,2,3,66,0,88.1,49.8,0,0,1.2474170502129334,-0.8422304031771135
STU0177,ENTC,7.91,0,3,2,75,0,69.1,53.1,0,1,0.1018824419534428,-0.41411111066853884
STU0178,IT,8.01,0,2,3,60,0,54.5,42.9,1,1,-0.92117843822718,-0.616297788404918
STU0179,Civil,8.11,0,3,1,78,0,83.3,66.3,1,1,1.1779490559916581,-0.8889193641647649
STU0180,Computer,8.0,0,2,3,73,1,60.5,65.7,1,2,-0.468908125402976,0.10413996862390888
STU0181,IT,8.18,0,1,2,72,0,71.8,87.7,0,1,0.3922850639494849,-0.45140467842684157
STU0182,Computer,8.8,0,0,2,56,0,70.4,76.6,1,1,0.4809737997309595,-1.546908232060134
STU0183,Civil,7.78,0,3,3,61,1,68.6,53.1,1,2,-0.19051250185094565,-0.6577949363520295
STU0184,Mechanical,8.24,0,4,4,74,0,65.8,78.1,1,1,0.4226720733373038,1.3179723050191647
STU0185,Computer,7.52,0,4,5,72,1,46.5,46.3,1,2,-1.5403091796613073,1.4859230181735732
STU0186,ENTC,8.9,3,3,3,72,1,55.0,54.2,1,0,0.5531324829494456,1.2968239722797135
STU0187,Mechanical,6.99,2,3,2,79,0,82.6,66.8,0,0,0.39325113881426665,0.09374895436735278
STU0188,AI&DS,9.22,1,6,2,63,0,73.6,48.0,1,1,2.1620280711908957,0.1626165169744106
STU0189,AI&DS,7.56,0,4,2,70,0,92.8,81.0,0,1,1.4111667934385617,-0.5761556877971928
STU0190,Computer,6.31,2,4,3,70,1,54.5,99.2,0,0,-0.7656387630334398,2.1003414225094907
STU0191,Computer,7.72,0,5,2,76,1,67.6,60.6,1,2,0.4538409640928821,0.3862334450789022
STU0192,Mechanical,6.99,1,1,4,65,1,83.1,55.2,1,2,-0.7489158485992229,-1.0030800672506437
STU0193,Civil,8.36,0,4,2,68,1,60.6,63.1,1,2,0.484974262166813,0.12498304834398496
STU0194,AI&DS,7.01,1,2,2,80,0,61.7,56.6,0,1,-0.9590473006106958,0.0715180793772662
STU0195,IT,7.2,0,4,2,75,1,64.2,68.9,0,2,-0.21714451161298406,0.3173443978477983
STU0196,IT,5.9,2,5,4,70,1,62.2,45.2,0,0,-1.4354975044163205,1.235071471246024
STU0197,ENTC,7.19,3,2,3,77,1,74.9,69.8,0,0,-0.034852876182951464,0.6711223959246011
STU0198,Mechanical,5.42,0,4,3,67,1,44.9,93.7,0,2,-2.1950013041235614,1.5513604908163807
STU0199,Mechanical,6.17,0,1,2,76,1,89.4,35.0,1,2,-1.2041141537499793,-2.373482479824627
STU0200,ENTC,8.28,4,2,4,62,0,55.5,47.5,0,0,-0.2159904214059176,1.136406029972354
STU0201,AI&DS,8.31,0,4,0,64,0,40.5,58.3,0,1,0.014202421440562643,-0.04860196353974037
STU0202,Computer,7.98,2,1,4,76,0,67.9,73.1,0,0,-0.21283181939176593,0.8562886837324256
STU0203,Computer,6.73,0,1,3,69,0,63.1,78.4,1,1,-1.3786467269114353,-0.17788460394635464
STU0204,Mechanical,7.56,0,0,2,56,1,65.7,77.1,0,2,-0.6895612792026489,-1.5199679220016022
STU0205,AI&DS,7.6,0,3,3,72,0,72.1,39.6,0,1,-0.37802126570171307,-0.6016595615655562
STU0206,Computer,6.56,0,3,3,68,1,76.4,54.9,1,2,-0.8246419769065838,-0.7189296567330179
STU0207,Computer,8.95,1,4,0,52,0,89.9,51.5,1,1,2.580195491120996,-2.185807834255781
STU0208,ENTC,8.39,0,2,4,70,0,59.0,64.0,1,1,-0.3990145881399597,0.4810619453134956
STU0209,Computer,7.4,0,3,2,57,1,78.1,65.3,1,2,0.26332960666646266,-1.2895126959635064
STU0210,Computer,7.62,0,6,2,57,1,77.2,44.5,1,2,0.8645910530014194,-0.776830829735103
STU0211,AI&DS,7.79,0,2,1,62,0,33.7,58.4,0,1,-1.3369943177905772,-0.1573175812089583
STU0212,ENTC,5.76,2,2,2,80,0,57.2,73.7,0,0,-1.7285105579462512,0.8528451711738816
STU0213,ENTC,7.38,4,2,3,66,0,51.3,55.6,0,0,-0.7937991516627612,1.2046776292201558
STU0214,Computer,6.99,0,4,2,70,0,73.8,62.0,0,1,-0.03747848516324808,-0.3312731239589139
STU0215,ENTC,6.7,1,1,3,74,0,72.4,90.5,0,1,-0.7409791928662518,0.24510761837632383
STU0216,Computer,7.35,1,4,2,83,0,72.7,94.9,0,1,0.7325721791450196,1.2956376040647664
STU0217,IT,9.22,0,3,5,78,1,64.0,32.6,1,2,0.018534532465518522,0.547690365144345
STU0218,ENTC,8.18,3,3,3,59,1,65.3,66.7,0,0,0.6214657615380431,0.6394435289409569
STU0219,AI&DS,7.09,0,5,4,61,1,67.6,100.0,1,2,0.1601423166742138,1.400336167168713
STU0220,Mechanical,8.12,0,3,1,64,1,62.8,72.2,1,2,0.46763391530872006,-0.6058833908086888
STU0221,ENTC,8.86,2,1,2,68,0,78.1,65.3,1,0,1.1848654548802617,-0.7010553951639956
STU0222,AI&DS,8.43,0,1,2,63,1,54.1,84.7,1,2,-0.15768854653149805,-0.26613624620526666
STU0223,Computer,7.65,1,3,3,66,0,57.8,68.3,0,1,-0.3575679680538923,0.6660656763972734
STU0224,IT,7.02,2,5,4,80,1,69.6,75.6,0,0,0.08937905905113477,2.11348679697487
STU0225,Computer,8.23,0,4,1,74,0,63.2,61.8,0,1,0.6729646485650838,-0.06908056519406305
STU0226,Computer,7.95,2,2,1,69,0,53.6,68.1,0,0,-0.020654588466243018,0.20668132481931348
STU0227,Civil,8.41,0,7,4,76,1,74.9,71.4,1,2,1.5307004187542654,1.770678654897148
STU0228,IT,8.17,0,0,2,74,1,60.6,78.0,1,2,-0.47708560756057083,-0.5654292119275384
STU0229,Mechanical,8.54,0,4,3,53,1,57.0,58.5,1,2,0.283511412782803,-0.04587735268318198
STU0230,AI&DS,7.12,2,2,3,75,1,65.7,58.1,0,0,-0.7517368540322223,0.363735227407743
STU0231,ENTC,8.79,0,3,4,68,0,56.4,36.1,1,1,-0.30795059380423523,0.20419755251977592
STU0232,AI&DS,7.78,0,1,1,70,0,67.6,59.2,0,1,-0.2613462844677998,-1.41847174823266
STU0233,AI&DS,9.47,0,3,1,69,0,63.3,79.3,1,1,1.6377140990481998,-0.09909044750115632
STU0234,IT,6.98,1,1,3,64,1,61.3,71.9,0,2,-1.2076697945501915,-0.21112264706537517
STU0235,Computer,9.16,0,3,5,80,1,61.4,50.0,1,2,0.0914850455949785,1.1164662259233558
STU0236,ENTC,7.78,0,6,2,77,0,80.9,36.4,0,1,0.9854267150154633,-0.23184600741250902
STU0237,Computer,7.01,0,3,2,59,1,72.8,62.9,0,2,-0.28831018984973844,-1.0924679600788316
STU0238,Computer,7.16,0,2,3,68,1,45.8,78.9,0,2,-1.5097931283922579,0.7086323710412519
STU0239,AI&DS,7.31,1,1,5,66,0,79.5,57.8,0,1,-0.7748121517901821,-0.29773993602307197
STU0240,Computer,7.98,0,4,4,75,1,74.7,43.3,1,2,0.07976683965115045,0.13127580481633266
STU0241,Civil,8.07,0,4,5,66,1,73.9,56.2,1,2,0.12949644850932243,0.4818219338088134
STU0242,Civil,7.08,3,3,0,66,1,79.5,69.9,0,0,0.9308652111115366,-0.7356089547648733
STU0243,Civil,7.58,0,1,1,55,0,68.2,83.6,0,1,-0.012657721079008144,-1.4822968372259337
STU0244,IT,9.53,4,4,3,65,0,76.1,61.1,0,0,2.426403080394144,1.1249133578331452
STU0245,Computer,9.15,0,2,4,66,0,62.0,80.8,1,1,0.5449640294525196,0.6457529225623395
STU0246,Civil,7.99,1,4,2,64,0,79.0,79.2,1,1,1.3412778159983625,0.0023229825731665814
STU0247,IT,7.63,0,1,2,68,1,70.8,47.4,0,2,-0.6230322865738394,-1.6045003384439476
STU0248,Civil,7.71,0,5,4,70,0,50.1,83.8,1,1,-0.27411166684489263,2.1614847241114856
STU0249,Civil,8.15,1,3,1,72,1,81.5,69.4,1,2,1.3175549237515443,-0.756106934028754
STU0250,Mechanical,6.68,1,1,2,51,0,66.3,46.9,0,1,-1.2979205398243052,-1.7877378392214243
STU0251,Computer,7.37,1,2,3,80,0,64.5,91.4,0,1,-0.3011727358363466,1.154453046401909
STU0252,IT,6.1,0,1,3,81,0,62.2,63.1,0,1,-2.148699373330138,-0.06717925135560807
STU0253,Mechanical,7.96,1,5,3,74,1,63.2,35.8,1,2,0.09964585898479864,0.5999999868584309
STU0254,IT,8.18,1,1,2,69,1,71.0,54.4,0,2,0.04767228472489133,-1.072231966309939
STU0255,Computer,7.17,0,3,3,75,0,55.2,50.7,1,1,-1.2476291317888306,0.3767592136295627
STU0256,AI&DS,9.02,1,2,3,59,1,47.6,54.8,1,2,-0.13767565139507862,0.16861053907185938
STU0257,Civil,6.5,1,3,3,54,0,54.2,58.3,0,1,-1.4766809502365388,0.029793124832679003
STU0258,ENTC,6.28,0,2,3,73,0,73.0,61.1,0,1,-1.3284402868553806,-0.5067144479367791
STU0259,AI&DS,7.8,0,5,2,73,0,65.9,60.6,0,1,0.4912716300054776,0.41801937853940885
STU0260,Computer,8.54,0,4,1,75,0,82.5,63.5,1,1,1.6999345605182796,-0.6981284033229017
STU0261,AI&DS,9.12,0,5,1,72,1,67.2,73.8,1,2,1.9015628020494004,0.2685564129739895
STU0262,Civil,7.19,0,2,2,66,0,79.0,53.8,0,1,-0.26445149697516757,-1.482544481654618
STU0263,Computer,8.57,0,3,3,59,0,59.0,82.7,0,1,0.4688196306233374,0.43289646614635574
STU0264,AI&DS,7.57,0,2,4,58,0,62.3,46.6,0,1,-1.0863471836477294,-0.5621228704312864
STU0265,Mechanical,7.44,0,1,3,66,1,68.1,74.2,1,2,-0.7074965746640944,-0.6111729145376165
STU0266,ENTC,8.4,0,3,4,62,0,66.1,89.6,1,1,0.5079481236776546,0.7991672169514257
STU0267,ENTC,8.19,1,1,2,69,1,64.9,62.3,0,2,-0.08298767188293557,-0.6615007341123389
STU0268,ENTC,6.18,3,7,2,65,0,56.7,67.9,0,0,-0.05800023377708574,2.0517909504129173
STU0269,IT,8.93,0,6,2,75,0,47.4,50.5,0,1,0.7335621260470504,1.3506441409411956
STU0270,Computer,8.84,3,3,1,75,1,76.2,57.3,0,0,1.765926068258748,-0.06027355338573907
STU0271,Mechanical,7.04,0,4,1,57,0,74.8,88.5,0,1,0.6330183734609929,-0.6386328627478739
STU0272,Mechanical,7.96,0,1,3,70,1,60.0,76.2,0,2,-0.6169764875470862,-0.06993375183853448
STU0273,Mechanical,8.04,0,1,5,59,0,72.9,71.3,1,1,-0.4177937768124765,-0.27008789173760944
STU0274,Civil,7.83,0,2,1,72,1,65.8,35.9,0,2,-0.3949750518259219,-1.5672469220009095
STU0275,AI&DS,7.1,1,3,0,87,0,82.4,54.3,0,1,0.5107227653153409,-0.9112387400202828
STU0276,AI&DS,7.0,1,3,4,84,1,50.9,91.1,1,2,-1.1247071648736857,2.3958736685738686
STU0277,ENTC,7.58,0,1,2,77,0,66.4,71.2,0,1,-0.5234745048483949,-0.46922373637059217
STU0278,AI&DS,8.66,0,4,4,73,0,65.3,73.0,0,1,0.6634188940906145,1.2094101829420294
STU0279,ENTC,8.09,0,1,3,73,0,70.1,67.6,1,1,-0.20726417052250765,-0.44190222218783975
STU0280,ENTC,7.27,0,3,5,77,0,88.0,55.8,0,1,-0.18880221749223353,0.08325294324134731
STU0281,Mechanical,8.29,0,3,2,62,0,66.4,70.0,0,1,0.5603590195922875,-0.4082063430022421
STU0282,IT,5.04,0,1,3,70,0,77.7,42.0,1,1,-2.588209657740381,-1.6314964604399078
STU0283,IT,8.63,1,2,3,79,1,66.1,40.9,1,2,0.038932209728957154,-0.09225094853009343
STU0284,Computer,6.03,2,4,3,72,1,81.9,54.0,0,0,-0.4964448424885763,0.09617353488770176
STU0285,AI&DS,7.27,0,2,2,79,1,77.8,67.9,1,2,-0.14462813240906106,-0.6832117388696478
STU0286,Computer,6.59,2,0,1,72,1,63.7,41.5,0,0,-1.5594323614782046,-1.4590015154716045
STU0287,IT,6.43,0,4,3,61,0,62.7,66.9,0,1,-1.0060252214169578,0.18185074022024456
STU0288,AI&DS,8.64,0,0,3,63,0,74.3,50.1,1,1,-0.05681914048395442,-1.6652895895190365
STU0289,Computer,7.18,0,2,4,74,0,59.5,52.1,0,1,-1.4863166848606069,0.26635750241649137
STU0290,AI&DS,7.91,0,5,3,73,1,70.5,84.5,1,2,0.8513244432753372,1.088630225274991
STU0291,Computer,7.56,3,1,3,82,0,63.4,65.6,0,0,-0.4968768978344184,0.9945439372598434
STU0292,Computer,8.03,0,5,1,65,0,72.8,51.4,1,1,1.0444334276634417,-0.7191548414535524
STU0293,Mechanical,7.67,0,4,3,67,1,65.9,67.8,1,2,0.036601186978879235,0.31855317227121704
STU0294,IT,6.45,0,4,3,85,0,59.0,43.0,0,1,-1.544363298427649,0.7126252847658856
STU0295,Computer,8.5,0,3,4,81,1,82.4,70.7,1,2,0.8808864427418922,0.4214412897578627
STU0296,AI&DS,7.16,2,6,4,86,1,71.1,81.6,1,0,0.5617201863708626,2.749718328786845
STU0297,ENTC,6.2,0,2,1,72,0,67.3,74.9,0,1,-1.045910641571567,-0.7631744972568021
STU0298,Computer,7.21,0,4,4,79,0,73.5,97.4,1,1,0.17050992628466471,1.5944187381741406
STU0299,AI&DS,8.95,0,2,0,72,0,46.3,35.9,1,1,-0.08198321985494039,-1.0495974480629389
STU0300,Computer,8.37,0,5,2,65,1,95.2,66.9,1,2,2.1799471473509113,-0.895687131884231
STU0301,Computer,7.29,0,3,3,80,0,68.3,44.8,1,1,-0.7299989189418723,-0.04872522406343426
STU0302,AI&DS,7.29,0,3,1,80,1,42.5,62.4,0,2,-1.1718292688400238,0.5039639737035054
STU0303,AI&DS,7.31,0,3,3,70,1,83.6,65.0,0,2,0.16770430286936508,-0.6322210416224604
STU0304,AI&DS,9.47,1,1,0,74,0,58.2,99.2,0,1,1.5256746647799915,0.049905433071669156
STU0305,ENTC,7.94,1,3,1,76,0,81.6,64.1,0,1,1.1062539982729844,-0.6595449367433195
STU0306,Civil,7.99,1,6,3,54,1,69.6,63.8,1,2,1.0709473212392322,0.5330008043453835
STU0307,AI&DS,8.53,0,3,3,72,0,47.6,80.1,0,1,-0.09932928600553764,1.3070857345273759
STU0308,IT,7.81,0,1,4,55,1,71.4,64.2,1,2,-0.5738442518391706,-0.9967723338309894
STU0309,ENTC,7.37,0,3,3,71,0,70.4,92.5,1,1,0.08069684945305063,0.614687307789561
STU0310,Computer,7.42,1,3,3,76,1,83.0,75.0,0,2,0.48763031761792874,0.1642297515068084
STU0311,IT,7.54,0,2,2,66,1,74.8,77.4,0,2,0.11895942084877854,-0.8420753066020199
STU0312,Computer,7.57,0,3,0,74,1,51.9,37.0,1,2,-0.7024381592526251,-1.0156622912167068
STU0313,Computer,8.25,0,0,1,71,0,81.0,94.8,1,1,0.8555006614555837,-1.354232463434935
STU0314,Civil,7.65,0,8,3,75,0,62.6,55.2,1,1,0.7150510992366788,1.7966233588991352
STU0315,Mechanical,8.26,0,1,3,87,1,90.4,64.9,1,2,0.6122951722596954,-0.791064227042083
STU0316,ENTC,7.53,0,1,2,72,0,63.4,55.2,0,1,-0.8746685581153343,-0.9192108270810859
STU0317,IT,7.67,1,3,3,62,0,65.3,49.6,1,1,-0.2759526725678895,-0.19760503223590023
STU0318,Computer,5.8,0,2,3,69,1,57.3,47.0,0,2,-2.528347446455319,-0.5036162048077768
STU0319,Computer,8.42,0,2,1,70,0,61.5,66.5,1,1,0.33421258700486417,-0.6667620412606693
STU0320,Computer,7.91,0,3,1,71,0,58.1,35.5,1,1,-0.3618157181813854,-0.9276860950390065
STU0321,AI&DS,8.5,0,4,4,68,0,83.3,61.4,1,1,1.1219718228060627,0.06105059544360032
STU0322,ENTC,5.0,0,3,3,66,1,50.7,80.9,0,2,-2.7016341463601523,0.6611549489978368
STU0323,ENTC,9.48,1,7,4,72,1,78.5,74.5,1,2,2.705627349082147,1.9255615469142795
STU0324,Computer,7.47,0,3,1,72,0,78.8,71.5,0,1,0.5956759060856667,-0.8769805035586724
STU0325,Civil,8.6,1,3,5,67,0,85.9,51.6,1,1,0.8857767668349726,0.06993808304629424
STU0326,ENTC,6.66,0,3,2,52,0,68.6,41.2,0,1,-0.9549041695090018,-1.645771144394799
STU0327,AI&DS,8.15,0,5,0,55,1,54.7,80.6,1,2,1.0006147466761697,-0.20287888127949263
STU0328,AI&DS,6.65,1,5,5,78,0,65.8,58.3,0,1,-0.8786503383614435,1.9051279804573351
STU0329,IT,7.04,0,4,2,74,1,75.7,63.8,0,2,0.05355717093129142,-0.2819530594450607
STU0330,Computer,9.32,0,4,3,81,0,69.1,62.0,1,1,1.3414315303117745,0.7999501304395772
STU0331,IT,7.43,0,2,1,65,1,72.8,75.1,0,2,0.12008452507682557,-1.2362932752074798
STU0332,ENTC,7.8,0,6,3,67,0,85.7,92.6,1,1,1.781143750119784,0.8516015144053468
STU0333,Computer,8.38,1,3,4,68,1,75.6,86.9,1,2,0.929519911026304,0.8374037960925607
STU0334,Computer,8.05,0,2,2,75,0,70.6,30.0,1,1,-0.2835628125669787,-1.3010502178963763
STU0335,Computer,7.74,1,6,3,79,0,44.0,60.4,1,1,-0.2485183868473704,2.4570072146447908
STU0336,Computer,7.93,2,4,1,76,1,57.8,44.8,1,0,0.2593996241608561,0.3348033790695412
STU0337,Mechanical,9.76,0,3,3,80,1,62.7,79.1,1,2,1.3769156617954406,1.0292419150278698
STU0338,ENTC,7.55,2,3,2,62,0,42.3,65.1,0,0,-0.7381488015864356,0.9485602369902102
STU0339,IT,7.78,0,6,2,64,1,53.6,74.1,1,2,0.4137844845699554,1.0710316287229162
STU0340,Computer,8.55,3,4,2,72,1,64.5,59.1,1,0,1.1660177630042003,0.9693055644118987
STU0341,IT,8.59,0,2,1,70,1,66.6,49.4,0,2,0.4101852320942584,-1.3169839020795169
STU0342,IT,8.67,0,1,4,71,0,74.6,52.0,1,1,0.028514902280021563,-0.6358470776816335
STU0343,Computer,8.17,0,3,2,65,0,65.3,42.0,0,1,0.041905516475012956,-0.8964316908737521
STU0344,IT,6.57,0,4,2,63,0,71.2,46.0,0,1,-0.651049468295481,-0.8988158082043219
STU0345,IT,9.07,0,5,2,80,0,62.6,42.9,1,1,1.0802675221651774,0.49572062960932173
STU0346,AI&DS,6.57,1,6,2,67,1,68.5,49.5,1,2,-0.1153649753490048,0.2897113078459956
STU0347,AI&DS,7.87,0,2,3,69,0,73.9,48.6,0,1,-0.21487355841672054,-0.8760502280019602
STU0348,Computer,6.92,0,4,5,70,0,87.1,70.9,0,1,-0.021337843714707923,0.4784468729934471
STU0349,IT,7.54,1,4,2,76,1,61.3,70.3,0,2,0.0937269191271865,0.8247840948355539
STU0350,AI&DS,7.9,0,0,4,70,1,69.9,70.9,1,2,-0.7791303098492498,-0.5098740175195549
STU0351,AI&DS,7.89,3,4,3,76,0,79.3,82.6,0,0,1.381463391689526,1.5097276519256642
STU0352,Mechanical,7.98,1,5,1,77,0,49.3,63.8,1,1,0.3378954979879256,1.2182190787431848
STU0353,ENTC,9.05,3,2,3,62,1,94.0,53.3,1,0,2.000505839478212,-0.8860120796969877
STU0354,Computer,8.01,1,5,3,69,0,83.3,98.2,1,1,1.8158517923882223,1.1534716388026405
STU0355,Computer,7.38,0,4,3,77,1,45.8,78.6,1,2,-0.882544567787793,1.692756700979654
STU0356,AI&DS,8.47,0,5,4,59,1,72.8,67.3,1,2,1.0078401198320157,0.47222733671794753
STU0357,Computer,8.67,1,2,2,73,0,60.7,66.2,0,1,0.43674443128031026,0.16558683090821258
STU0358,AI&DS,6.5,0,2,4,55,1,62.8,69.3,0,2,-1.6132826514324323,-0.33043735373961114
STU0359,Civil,8.14,0,0,4,75,1,72.6,62.0,1,2,-0.6227719479806333,-0.6038728718288839
STU0360,AI&DS,8.23,0,4,3,81,0,81.7,66.9,1,1,1.0662035825274707,0.3645112216923683
STU0361,IT,7.33,3,1,3,67,1,61.9,72.5,0,0,-0.6187909375404788,0.5294460997409821
STU0362,AI&DS,8.84,0,2,2,78,1,62.1,54.1,1,2,0.2638232018711245,-0.34103480647542495
STU0363,IT,7.46,0,3,5,75,1,72.8,40.5,1,2,-0.8746335850740442,0.1625299683208933
STU0364,AI&DS,7.71,0,2,3,65,1,75.4,33.9,1,2,-0.49043281956194545,-1.513613027410341
STU0365,Civil,7.44,0,2,0,78,0,54.9,78.3,0,1,-0.3670035118770448,-0.27311427758039736
STU0366,IT,7.61,0,1,2,71,0,90.4,41.3,0,1,0.08231010172692255,-2.2874308733338147
STU0367,Civil,6.61,0,3,3,69,0,59.6,72.0,0,1,-1.2004545036086858,0.4257918341390754
STU0368,Civil,6.3,0,4,1,69,0,80.5,47.7,0,1,-0.2967120416315844,-1.365547354792383
STU0369,Computer,9.04,1,6,0,69,0,73.9,47.9,0,1,2.396030022855548,-0.37088534120989225
STU0370,Computer,6.84,0,3,3,82,1,75.9,54.2,1,2,-0.6900347306611455,-0.15199340232684783
STU0371,Computer,6.71,1,2,2,92,1,59.9,67.9,1,2,-1.189976381926934,0.7654204979129285
STU0372,Computer,5.66,2,3,2,72,1,45.6,45.7,0,0,-2.3930838014553073,0.5666268328494295
STU0373,Computer,7.02,0,1,2,89,1,67.7,55.7,1,2,-1.1865716732672058,-0.5206416772820744
STU0374,ENTC,6.41,0,2,1,76,1,67.8,64.6,0,2,-1.047239020945876,-0.9264424038667325
STU0375,Computer,9.08,0,1,3,64,0,55.5,46.8,0,1,-0.26569823003318427,-0.6510249380830677
STU0376,IT,8.51,2,3,3,71,1,79.9,86.4,1,0,1.5247683205241886,0.7232800771900874
STU0377,Mechanical,6.98,0,4,2,65,0,67.3,39.2,0,1,-0.587210879152892,-0.8017911275172154
STU0378,Computer,9.63,0,2,2,73,1,57.5,61.7,1,2,0.8102050409198301,-0.13672228185262855
STU0379,Mechanical,8.48,0,2,3,70,1,75.6,84.1,1,2,0.7581784630736685,-0.13030875794315744
STU0380,Computer,7.31,0,3,1,68,0,76.0,45.1,0,1,0.026041596092669445,-1.5400387516616327
STU0381,Computer,5.35,0,2,1,68,1,58.7,63.4,0,2,-2.2144005073608155,-0.9929098662443001
STU0382,ENTC,9.66,0,2,1,71,0,84.0,67.0,0,1,2.1911424449708417,-1.3820552169132418
STU0383,AI&DS,6.35,1,3,4,70,0,97.2,52.9,1,1,-0.20373438541409247,-0.7295845022036769
STU0384,Mechanical,6.12,0,1,4,70,1,53.8,63.8,0,2,-2.6418781335005437,0.12967088680855474
STU0385,ENTC,8.52,0,6,4,73,0,65.6,73.4,1,1,1.0675481127095157,1.8236388153375178
STU0386,Mechanical,9.8,0,2,3,68,0,72.4,58.0,1,1,1.3444190423545141,-0.5160053248992897
STU0387,Computer,8.85,1,2,3,73,1,97.6,76.5,1,2,1.9573811433098578,-0.6866217413130279
STU0388,Computer,8.11,0,2,3,67,1,58.5,70.9,1,2,-0.3722589572217406,0.07163698126688148
STU0389,ENTC,8.14,2,4,3,61,1,55.8,56.3,1,0,0.16553154359192987,0.8437045470840477
STU0390,Mechanical,8.37,0,1,0,64,1,55.7,81.9,1,2,0.203793134042246,-1.0970592407088418
STU0391,Civil,8.28,0,2,3,80,0,83.9,53.9,1,1,0.5290698153499497,-0.6762421021002226
STU0392,IT,7.85,0,4,4,55,0,58.8,77.8,1,1,-0.09013304059658894,0.8087673315255905
STU0393,IT,7.69,0,3,3,62,1,56.9,54.2,1,2,-0.7152512134755553,-0.15878107704519542
STU0394,ENTC,7.54,0,3,2,78,1,71.0,60.3,1,2,-0.05627317590495272,-0.30846832053120843
STU0395,IT,6.92,0,3,2,68,0,72.0,62.6,0,1,-0.3953184903477824,-0.6451746820084074
STU0396,Civil,7.35,1,6,3,74,1,81.9,70.1,1,2,1.0749138043818354,0.9499135726242776
STU0397,Mechanical,6.08,0,3,3,76,1,69.2,28.8,1,2,-1.8577483485535278,-0.7630108434130671
STU0398,IT,7.51,0,3,4,78,1,71.2,71.9,1,2,-0.30282492229839925,0.6883120169036261
STU0399,ENTC,6.71,0,1,2,57,1,66.6,63.5,0,2,-1.2465888862873113,-1.5686633134520376
STU0400,ENTC,6.61,0,2,4,72,0,51.0,69.3,0,1,-2.029974905595671,0.8632271658257266
STU0401,Computer,7.76,0,4,3,69,1,65.4,72.5,0,2,0.1409305331352429,0.5284889724644191
STU0402,Civil,8.85,0,3,4,69,1,68.8,70.9,0,2,0.6571814690971244,0.49422251944922396
STU0403,AI&DS,8.43,0,3,3,55,0,62.2,34.9,0,1,-0.12969175512811632,-0.9430318556956937
STU0404,Mechanical,6.19,0,2,3,75,1,47.7,49.1,0,2,-2.6041701129131933,0.16573128799435266
STU0405,IT,6.71,0,3,3,72,0,53.2,70.0,0,1,-1.415859186642838,0.7448974325100869
STU0406,Mechanical,8.45,0,1,3,87,0,67.5,68.0,0,1,-0.07994387221710364,0.234573852586921
STU0407,IT,6.72,0,2,5,68,1,80.1,53.2,0,2,-1.2086097470555646,-0.4576322745199686
STU0408,Computer,7.4,0,2,1,66,0,89.9,76.1,1,1,0.8196202669572313,-1.741663505412129
STU0409,Civil,8.1,3,3,1,59,0,65.6,61.2,0,0,0.9158198514260592,-0.16505967696069104
STU0410,Computer,6.73,0,5,5,72,1,58.7,78.3,1,2,-0.9934394077071892,2.016398381622446
STU0411,IT,7.69,0,3,3,64,0,63.2,83.2,1,1,-0.05577950187531532,0.42242477486828883
STU0412,Civil,6.4,0,6,3,85,0,54.4,69.2,1,1,-0.9243198748743812,2.105920933637026
STU0413,Civil,7.06,1,2,3,82,0,78.2,73.3,0,1,-0.24206751644034918,0.2826820534039135
STU0414,AI&DS,7.89,1,5,1,76,0,95.8,55.9,0,1,2.019708695030491,-0.7593335087674771
STU0415,AI&DS,6.17,0,6,4,59,1,59.0,78.4,1,2,-0.9240214542262098,1.405674401920368
STU0416,IT,8.0,3,6,3,69,1,52.5,68.3,0,0,0.698804268913776,2.4745608960575534
STU0417,Computer,7.58,0,3,2,67,1,81.1,60.6,1,2,0.4221450026755968,-1.1081964283126435
STU0418,IT,8.1,0,4,2,57,1,72.1,46.7,0,2,0.5663269070929008,-1.1282987032610705
STU0419,ENTC,7.8,1,3,4,75,0,72.4,57.7,0,1,-0.026698360262766303,0.6055697087878696
STU0420,ENTC,8.83,1,2,1,75,1,88.6,48.4,1,2,1.5888467078111994,-1.6534714119256508
STU0421,ENTC,7.71,0,5,4,75,1,50.2,76.4,1,2,-0.4189452886141479,2.104458152773886
STU0422,ENTC,7.21,0,4,2,84,1,49.9,83.3,1,2,-0.6221187367584421,1.5360179872428514
STU0423,Computer,7.71,0,2,3,69,1,65.9,78.7,1,2,-0.2907223278366211,0.02202927279241568
STU0424,IT,8.09,0,0,5,65,1,68.8,100.0,1,2,-0.4646306804759772,0.38394317193640554
STU0425,Computer,7.64,1,0,3,73,1,63.4,58.1,0,2,-1.0781631890982057,-0.5233925091389433
STU0426,AI&DS,7.64,0,5,2,65,0,100.0,73.9,0,1,1.932017264344096,-0.886084564485885
STU0427,IT,6.97,0,6,3,66,1,64.0,47.3,0,2,-0.3524224392520668,0.462892273880493
STU0428,Mechanical,7.0,0,1,2,61,0,60.8,62.0,1,1,-1.2563594972260121,-1.1298975074937903
STU0429,IT,6.34,0,2,2,59,0,69.6,42.8,0,1,-1.4148392399135503,-1.7083178166824187
STU0430,Computer,9.17,0,5,5,70,0,80.6,73.5,1,1,1.7397212177635633,1.2448880462943352
STU0431,Computer,6.48,0,4,4,73,0,58.6,59.7,0,1,-1.4634904622256542,1.0138948476096028
STU0432,ENTC,6.98,3,3,3,50,0,66.1,34.2,0,0,-0.6380410656338632,-0.4829498823927944
STU0433,AI&DS,6.95,1,2,2,64,0,81.0,54.7,0,1,-0.2018002000031644,-1.3265545355505939
STU0434,Computer,8.41,0,0,0,65,1,81.7,91.9,1,2,1.1514421097346934,-2.1200792109962383
STU0435,Computer,7.33,2,4,0,70,1,70.8,71.2,1,0,0.878206587957052,-0.19748055030311615
STU0436,ENTC,8.72,1,5,3,67,1,99.4,76.5,1,2,2.693699886577306,-0.05830613787746261
STU0437,Computer,6.99,1,2,4,66,0,93.7,66.9,0,1,0.10405990294212705,-0.7046049544822632
STU0438,Mechanical,7.85,0,3,3,71,1,49.7,62.3,1,2,-0.8049580729340412,0.658584826368384
STU0439,ENTC,6.85,0,7,4,55,1,46.0,65.2,1,2,-0.8288047227978537,1.796678506185177
STU0440,Computer,9.53,0,5,0,87,0,78.3,68.7,1,1,2.7611925401736883,0.05398750580756749
STU0441,Computer,6.53,0,3,2,56,1,85.7,48.6,0,2,-0.3233304215939752,-2.0535166783668264
STU0442,Civil,7.88,0,1,2,76,1,65.1,76.4,0,2,-0.30302383068165883,-0.3999816523910062
STU0443,IT,8.17,0,3,2,79,0,61.5,81.8,0,1,0.36496287868150956,0.6999840654542892
STU0444,IT,7.97,0,4,1,63,1,57.3,62.1,1,2,0.250240217124273,-0.36502533027447315
STU0445,Mechanical,7.43,1,1,5,71,1,52.8,57.2,1,2,-1.804414241090659,0.8182952490161584
STU0446,Civil,7.48,0,3,2,72,0,82.8,53.9,1,1,0.33726054828088353,-1.0576007484744618
STU0447,Civil,7.64,0,3,4,57,0,63.0,91.4,1,1,-0.16001827338352545,0.7117981027691617
STU0448,ENTC,7.47,3,4,2,70,0,71.9,58.2,0,0,0.6542010661298886,0.599591105166058
STU0449,IT,8.47,3,1,5,70,0,44.3,74.8,0,0,-0.7728459094888145,2.258778262265549
STU0450,Computer,9.59,1,2,3,59,0,81.0,62.2,0,1,1.7630709647555494,-0.8042311798326761
STU0451,ENTC,7.1,4,3,5,76,0,75.6,61.3,0,0,-0.141616532458642,1.84452628665544
STU0452,AI&DS,6.37,0,2,0,66,0,50.5,53.5,0,1,-1.6521236355868674,-1.2114759972255218
STU0453,IT,7.52,3,1,3,66,1,71.4,50.4,0,0,-0.382456874384727,-0.35897322614840493
STU0454,Civil,9.92,0,1,4,67,0,68.1,76.1,1,1,1.0692419817992422,0.08588231071483275
STU0455,Computer,6.88,0,3,1,57,0,62.1,50.1,0,1,-0.7523319618411051,-1.3592802499775978
STU0456,IT,9.08,0,0,1,67,0,30.3,71.9,0,1,-0.8110015931475386,-0.06656074862397747
STU0457,Computer,9.11,0,3,2,76,0,59.4,66.4,1,1,0.8147940293840737,0.37339161923432385
STU0458,IT,7.1,0,1,5,82,0,71.9,76.3,0,1,-1.2037862271362725,0.7153881366413348
STU0459,Computer,8.11,0,1,3,68,0,60.9,55.9,1,1,-0.6944145901964689,-0.5555136457351509
STU0460,Computer,9.07,1,7,3,87,0,65.1,81.2,1,1,2.1121868635702477,2.849026024838714
STU0461,Computer,7.26,0,3,1,62,1,87.5,62.9,0,2,0.6715392756028362,-1.883857644323736
STU0462,AI&DS,7.42,0,2,0,78,1,67.0,100.0,1,2,0.3547003236169839,-0.314830749651162
STU0463,ENTC,7.08,1,4,4,77,0,40.7,40.8,1,1,-1.8292581698572012,1.757792367264735
STU0464,AI&DS,6.69,0,4,1,75,0,65.6,100.0,0,1,0.08095921756506823,0.6484669672934543
STU0465,Civil,7.02,0,0,3,62,1,69.3,63.1,1,2,-1.3635992267537187,-1.4061339840755793
STU0466,IT,6.5,0,3,4,69,1,57.3,68.3,0,2,-1.6505795760874724,0.7123598483373105
STU0467,Computer,7.63,0,3,2,71,0,77.6,55.9,0,1,0.276232410285874,-0.8450218805179586
STU0468,Mechanical,6.91,0,7,3,77,1,49.0,41.5,0,2,-0.8667658949295648,1.6333701310598385
STU0469,Computer,7.81,2,3,1,81,1,66.2,57.1,0,0,0.39786833331362637,0.17276038379458714
STU0470,Civil,6.2,0,2,3,80,0,48.8,59.5,0,1,-2.4015949758747923,0.6362442883874545
STU0471,Computer,7.9,0,4,1,66,1,64.2,67.7,0,2,0.5338961636217702,-0.38510201103504843
STU0472,Civil,8.35,2,2,3,62,1,77.2,81.8,0,0,1.0189642329043054,0.04598813385903058
STU0473,Computer,5.81,1,2,2,75,1,65.9,67.9,0,2,-1.582450867252167,-0.18279377207424555
STU0474,Mechanical,7.94,0,3,3,79,0,65.1,68.1,0,1,-0.04314253314449605,0.6074589320649681
STU0475,AI&DS,8.7,0,0,3,62,0,68.4,70.8,1,1,0.032320177684764535,-1.0058064545943608
STU0476,Civil,6.51,0,0,1,70,0,69.0,38.7,0,1,-1.705518144036438,-2.3359207969284093
STU0477,Computer,9.11,0,3,3,78,0,77.0,40.1,1,1,0.9676853244084322,-0.4409321888641889
STU0478,AI&DS,7.98,0,4,2,72,1,77.1,42.5,1,2,0.5609388054795368,-0.8360501005393394
STU0479,Civil,6.97,0,6,3,62,1,86.5,59.4,1,2,0.7189826398583323,-0.26494398037593164
STU0480,AI&DS,7.55,3,4,1,81,1,70.2,36.9,0,0,0.48540364617575904,0.16159183882946837
STU0481,AI&DS,8.1,0,2,3,63,1,46.4,54.7,1,2,-1.0614206779002948,0.0016561258445839642
STU0482,ENTC,7.67,0,2,1,68,0,79.2,44.5,0,1,0.1761301628052614,-1.9632805381464642
STU0483,IT,8.08,0,8,2,65,1,85.5,72.3,1,2,2.3836003780666046,0.5123431986100075
STU0484,AI&DS,6.77,0,4,2,65,1,100.0,71.6,1,2,0.9499168745472139,-1.3884287308987449
STU0485,AI&DS,7.75,0,3,3,67,0,86.9,60.5,0,1,0.6228022153229735,-0.8676101416318631
STU0486,Civil,6.33,0,1,2,64,1,61.6,36.5,0,2,-2.1229851470552465,-1.748507980208049
STU0487,Computer,7.5,1,2,4,71,0,70.4,61.4,0,1,-0.5216291082243909,0.2767186997149331
STU0488,Computer,6.79,0,1,4,76,1,64.5,69.9,1,2,-1.6398732114870038,0.14378693864392186
STU0489,Civil,6.94,0,3,1,69,0,62.7,77.2,0,1,-0.3683044038315002,-0.29228241031983276
STU0490,Mechanical,8.71,0,4,3,65,0,66.5,91.3,1,1,1.214572467565568,0.9023057667673556
STU0491,IT,8.58,0,0,1,65,1,84.7,81.8,1,2,1.0760813700235008,-2.081339107006363
STU0492,AI&DS,8.15,0,2,2,68,1,47.3,67.5,1,2,-0.6437793706762402,0.08693025620706707
STU0493,Computer,6.62,0,5,3,71,0,55.0,60.7,0,1,-1.0380288189524896,1.0457208034499132
STU0494,Computer,7.32,0,5,3,70,0,83.9,53.9,1,1,0.5675511490495699,-0.19102486699997015
STU0495,IT,8.69,0,3,3,74,0,86.9,85.3,1,1,1.650992620708317,0.03313352476136019
STU0496,IT,7.73,1,1,2,58,1,59.4,67.5,1,2,-0.5473009980816866,-0.7947414787786246
STU0497,AI&DS,9.69,4,3,2,55,1,89.5,74.5,1,0,3.2114891854753753,-0.21649926117972643
STU0498,Computer,7.95,1,2,1,64,1,80.7,56.1,0,2,0.7376029017100542,-1.667119605096931
STU0499,Civil,7.77,2,5,3,70,0,64.5,46.4,0,0,0.3410550307248328,1.0082912991871056
STU0500,Civil,7.32,0,1,3,71,1,36.3,59.0,0,2,-2.2868221884096624,0.4274470450298554
STU0501,ENTC,7.72,3,3,3,68,0,46.3,60.5,0,0,-0.574399018787244,1.6135189171578075
STU0502,AI&DS,7.46,0,3,2,77,1,59.4,67.9,1,2,-0.47575045606405775,0.25776294833200725
STU0503,IT,8.24,3,4,2,80,0,77.9,53.9,0,0,1.3935570573950409,0.7161262749672607
STU0504,Mechanical,8.46,4,2,2,79,0,77.9,65.4,0,0,1.373431722299664,0.6330355387900934
STU0505,ENTC,6.89,1,2,0,61,1,61.9,82.7,0,2,-0.2741697854392448,-0.9100409981845937
STU0506,Computer,6.4,4,1,2,65,0,65.0,39.9,0,0,-1.2642723710374177,-0.45743293991485817
STU0507,Civil,5.95,0,0,4,65,1,67.6,33.2,0,2,-2.8573994456984106,-1.6072577960665086
STU0508,Mechanical,8.06,0,2,4,63,1,65.2,83.7,1,2,-0.15200883927936631,0.3227720258357758
STU0509,Civil,6.61,0,2,3,75,0,70.1,43.0,0,1,-1.4361682238035918,-0.7104084859478773
STU0510,ENTC,5.66,0,1,3,57,0,67.6,59.3,0,1,-2.233802109397762,-1.3216578447163299
STU0511,AI&DS,7.95,0,5,0,67,1,46.2,74.1,1,2,0.3765019326732271,0.42348875599769586
STU0512,IT,9.84,0,7,4,75,1,65.3,64.1,1,2,2.16003499826959,2.0219217431898295
STU0513,Civil,7.59,4,2,0,65,0,67.7,63.9,0,0,0.7126672679156997,-0.36172792255498243
STU0514,Mechanical,8.35,0,2,5,73,0,80.9,66.1,1,1,0.2664947036108173,0.18871973169150394
STU0515,Computer,7.67,1,2,3,64,1,57.2,100.0,1,2,-0.21845180544937637,0.9429235048020274
STU0516,Computer,7.51,2,1,2,81,1,70.7,91.7,1,0,0.11595887852325498,0.5175607642804573
STU0517,IT,8.43,3,2,4,66,0,75.3,54.6,0,0,0.6185807858308786,0.4132527324752589
STU0518,Mechanical,7.34,3,2,0,70,0,66.1,80.8,0,0,0.5118506179240929,-0.04245503436284274
STU0519,Civil,7.84,0,5,3,83,1,45.2,72.6,1,2,-0.4055325494604131,2.155680534881517
STU0520,Computer,7.89,3,0,3,66,1,81.1,64.7,0,0,0.23152451008815042,-0.6866872249321729
STU0521,AI&DS,7.0,1,3,2,75,1,77.7,51.4,0,2,-0.16414336914217842,-0.6119908281345624
STU0522,IT,8.49,0,2,2,81,1,71.0,71.8,1,2,0.5710472962768924,-0.17909968868983048
STU0523,Civil,7.44,0,5,3,58,1,68.5,60.4,0,2,0.14579170022522953,-0.0012821410721920753
STU0524,Mechanical,6.92,1,3,3,65,0,44.8,59.3,0,1,-1.5546757050236255,0.863318778566147
STU0525,Mechanical,8.08,0,5,0,73,1,78.1,53.5,1,2,1.4523280496726787,-1.0061499241634313
STU0526,IT,6.79,0,6,5,61,0,87.3,80.0,0,1,0.5354612720552737,0.9448687758239723
STU0527,IT,7.63,0,3,1,67,1,53.5,53.5,0,2,-0.5401252088182198,-0.5975243608765145
STU0528,Computer,7.59,0,5,2,50,0,85.5,53.6,1,1,1.103329127459806,-1.3903691594500056
STU0529,Computer,8.58,0,2,2,61,0,82.7,76.7,0,1,1.2785657350897859,-1.2022610252783632
STU0530,Mechanical,8.03,1,0,0,69,1,53.1,62.8,0,2,-0.5325715620064028,-1.2706064094047265
STU0531,Mechanical,7.58,0,6,1,68,1,62.9,63.2,1,2,0.6628811832292006,0.24364878667635642
STU0532,Civil,8.34,0,5,5,62,0,49.9,80.5,1,1,-0.0015789472116305226,2.1947412251374026
STU0533,Civil,8.85,0,3,2,76,1,67.2,84.7,1,2,1.1348189573019898,0.4002557595905871
STU0534,AI&DS,8.1,0,6,1,85,0,73.8,33.1,1,1,1.068579380618691,-0.07746780389072966
STU0535,ENTC,7.61,2,3,1,69,0,50.8,63.1,0,0,-0.21350018374607374,0.4884548295611861
STU0536,Civil,6.42,0,1,3,73,1,73.0,43.8,1,2,-1.7289448315428362,-1.2841373367962128
STU0537,Mechanical,6.64,0,0,4,60,0,76.3,59.2,0,1,-1.5828044500167848,-1.4118666005145593
STU0538,Computer,7.33,0,2,2,71,1,76.5,64.9,0,2,-0.15978045671440988,-1.0103587639322154
STU0539,IT,7.05,0,2,0,75,0,73.9,59.7,0,1,-0.14645734880012573,-1.5561512407042895
STU0540,Computer,7.43,1,4,2,61,1,52.0,49.6,0,2,-0.5794795454534056,0.1114228394078009
STU0541,Civil,7.65,1,5,1,76,1,66.4,48.9,1,2,0.5384954127546173,0.09378479884474877
STU0542,AI&DS,8.08,0,1,1,67,0,72.6,75.9,0,1,0.40189151894011865,-1.323001591798386
STU0543,Computer,7.54,0,4,2,74,0,87.0,88.0,1,1,1.2423681163192877,-0.043398057628796824
STU0544,ENTC,8.04,0,3,2,69,1,68.0,34.1,1,2,-0.1026549091568018,-1.1104380021308575
STU0545,AI&DS,7.66,0,2,3,88,1,73.5,60.1,1,2,-0.34411811875058573,0.04836264492151769
STU0546,IT,5.82,0,3,2,86,0,55.9,76.0,0,1,-1.776405117812332,0.8955230850753769
STU0547,Computer,6.75,0,2,5,80,0,53.0,64.5,0,1,-2.1281725828430895,1.370241893276986
STU0548,ENTC,7.47,0,3,4,68,0,51.3,48.3,0,1,-1.369219268359138,0.5870450648247207
STU0549,AI&DS,6.51,0,5,3,77,0,62.5,57.8,0,1,-0.8851538433650925,0.9234028039357485
STU0550,ENTC,8.14,2,2,2,72,0,94.8,69.5,0,0,1.5820040555064983,-0.8137181233239555
STU0551,AI&DS,8.98,4,5,2,66,0,62.8,60.4,1,0,1.898745800879538,1.5546237605395021
STU0552,Mechanical,8.7,0,1,2,69,1,72.7,64.3,1,2,0.49916804541283166,-1.1806867251835438
STU0553,AI&DS,7.41,1,0,3,58,1,75.2,64.7,0,2,-0.6421891318717223,-1.417271463951743
STU0554,AI&DS,8.94,0,4,3,90,1,53.8,57.1,1,2,0.3077545159332889,1.5109501225159587
STU0555,Mechanical,7.73,0,6,4,88,1,62.3,77.2,1,2,0.2878247402547479,2.487384444202069
STU0556,IT,7.3,1,4,5,73,1,76.1,57.8,1,2,-0.23376951490073314,0.9617276461943913
STU0557,Computer,7.05,2,3,2,79,1,73.6,49.9,0,0,-0.17472545773609122,-0.027826984889328273
STU0558,Computer,7.33,3,5,3,70,1,42.1,98.4,1,0,-0.08575931875464783,3.2346490083488035
STU0559,ENTC,7.25,0,2,1,72,1,75.7,63.8,0,2,-0.07929637562732174,-1.342516181923203
STU0560,AI&DS,7.75,0,2,2,55,1,60.8,26.0,0,2,-0.9157086656182664,-1.9014048596261675
STU0561,ENTC,7.74,1,2,2,71,0,61.2,83.8,0,1,-0.02121769988657868,0.40850544491370283
STU0562,Computer,7.6,0,4,2,66,1,73.3,83.8,1,2,0.6853175891455362,-0.009893095854335104
STU0563,Computer,7.99,0,3,4,82,1,87.8,71.9,1,2,0.7141612827183489,0.25041625120270933
STU0564,Computer,8.67,0,5,1,79,1,65.4,74.5,0,2,1.465278437654206,0.5952302631244387
STU0565,IT,8.45,0,2,3,57,1,83.3,97.4,1,2,1.2665362904681021,-0.6256642074917274
STU0566,AI&DS,6.26,0,2,3,51,1,49.3,50.6,0,2,-2.3765128037082457,-0.7908113000229038
STU0567,IT,5.3,0,3,3,66,1,69.7,67.0,0,2,-1.8971181397971004,-0.35200687973298495
STU0568,IT,8.44,2,3,2,76,0,61.0,94.5,0,0,1.0309221540400137,1.5188922606080062
STU0569,Civil,6.37,0,4,4,63,1,71.7,97.7,1,2,-0.518180780999165,0.91065234610257
STU0570,IT,7.4,0,1,3,71,0,64.1,59.5,0,1,-1.0789868202702333,-0.524238454680003
STU0571,AI&DS,6.55,0,0,2,78,1,50.6,95.2,1,2,-1.91407069979065,0.252060363283403
STU0572,ENTC,5.98,0,1,1,68,1,56.5,77.0,0,2,-1.8828445662772635,-0.8708597971892507
STU0573,IT,8.09,0,4,3,78,0,46.6,87.4,1,1,-0.1573819004177344,2.02869100993312
STU0574,AI&DS,8.28,0,3,4,59,0,51.0,76.5,1,1,-0.3483876519706761,0.9446117238154502
STU0575,Mechanical,7.08,2,4,3,67,1,74.2,69.6,0,0,0.2332103679327594,0.6170291911103708
STU0576,Civil,5.27,0,1,4,67,0,64.7,98.1,0,1,-2.3668532482811493,0.4071712480191682
STU0577,Computer,7.11,3,5,3,66,0,71.0,57.1,0,0,0.3957594156293571,1.112402670744848
STU0578,Civil,7.95,0,3,1,67,1,91.6,93.5,1,2,1.7542115446358066,-1.0998645961194244
STU0579,IT,6.27,0,4,0,77,0,64.2,95.9,0,1,-0.1685583284479928,0.2868974694435608
STU0580,Computer,7.77,0,4,2,77,0,76.2,85.4,0,1,0.9441800506012273,0.4364731040330737
STU0581,IT,7.59,0,4,3,70,1,68.4,63.9,1,2,0.011501886085424993,0.24696569699030396
STU0582,Civil,8.12,1,1,4,76,0,100.0,68.7,1,1,0.9666944194334204,-0.749210747566949
STU0583,IT,7.71,0,4,2,80,0,30.0,45.9,0,1,-1.476584349246391,1.3896235975609679
STU0584,IT,6.72,0,3,3,87,1,58.7,58.2,0,2,-1.4336274197598584,0.7742984283543152
STU0585,AI&DS,8.68,2,2,2,61,1,76.5,74.3,0,0,1.3429085972768442,-0.4866191974814474
STU0586,Computer,7.46,3,5,2,55,1,58.2,43.6,0,0,0.17915496613148937,0.43136846887853275
STU0587,Computer,7.58,2,4,2,76,1,75.4,60.5,1,0,0.7054718517851909,0.37723263952485075
STU0588,Computer,6.76,0,3,1,66,1,67.2,94.2,1,2,-0.12388874093128653,-0.2822792567198927
STU0589,Computer,7.2,1,4,1,81,0,79.2,62.7,0,1,0.6492696140042699,-0.14247418942056736
STU0590,Computer,6.8,0,4,1,67,0,53.3,80.5,0,1,-0.5521635797187662,0.36287340851010086
STU0591,Computer,7.44,0,3,1,75,0,70.2,73.5,0,1,0.24517836985649075,-0.3923623202150475
STU0592,AI&DS,9.14,0,1,0,74,0,74.1,60.4,1,1,1.2414482446954322,-1.7608303658505073
STU0593,Computer,6.37,0,2,3,70,1,69.7,62.7,1,2,-1.3900300760527347,-0.5360670158587632
STU0594,IT,6.15,0,0,2,59,1,69.9,67.5,0,2,-1.749777925949143,-1.8738929184871524
STU0595,Mechanical,8.92,0,4,5,74,0,83.6,34.2,1,1,0.8832926365037607,0.06190726014573235
STU0596,IT,7.41,2,1,1,71,1,46.2,79.2,0,0,-0.8726944505576529,0.3886639571657798
STU0597,ENTC,7.0,0,5,2,62,0,69.6,63.2,1,1,0.09635263776321192,-0.1438043453039347
STU0598,Computer,8.54,0,1,2,60,0,52.3,79.7,1,1,-0.1672627276817555,-0.3426271097808331
STU0599,Computer,7.05,0,4,0,63,1,77.8,70.8,0,2,0.663767692542599,-1.371112379940779
STU0600,Computer,9.24,3,1,4,71,0,57.1,62.6,1,0,0.3589841277275274,1.2173304455815295
STU0601,Computer,8.21,0,6,0,62,0,35.9,68.0,1,1,0.3846778049952357,0.8871298707673602
STU0602,Computer,7.16,0,4,5,79,0,78.2,68.0,0,1,-0.2625918533294651,1.1143095272966357
STU0603,Computer,9.54,1,1,4,64,0,64.5,87.1,0,1,0.9381563513919475,0.6350185387424455
STU0604,Computer,7.05,1,3,3,48,1,72.6,65.9,1,2,-0.22790879028714772,-0.766879354039812
STU0605,Computer,8.27,0,3,3,76,1,86.6,69.3,1,2,1.063187587197597,-0.3497227849877602
STU0606,IT,7.87,0,4,3,62,0,72.8,46.1,0,1,0.22949084185968066,-0.5386473259646585
STU0607,Computer,8.77,1,2,2,77,0,70.2,64.3,0,1,0.8522375891693426,-0.07328553579486274
STU0608,IT,9.01,0,4,3,75,1,67.4,86.8,1,2,1.3529856094742199,1.0959935489841979
STU0609,AI&DS,7.63,0,3,0,60,1,53.1,71.4,1,2,-0.10037066704977482,-0.8178085522414951
STU0610,ENTC,6.92,2,3,1,72,0,65.2,48.8,0,0,-0.37348795406095536,-0.30928622029413977
STU0611,Computer,8.01,0,2,3,54,0,93.7,50.4,0,1,0.7620156459604503,-2.156343339877
STU0612,ENTC,6.99,0,4,3,66,1,63.1,53.9,0,2,-0.7804720010640693,0.02296280628449446
STU0613,AI&DS,9.41,0,3,4,79,1,66.0,80.0,1,2,1.0612062566581817,1.234082850856925
STU0614,Computer,7.72,0,1,1,69,0,84.3,78.1,1,1,0.6114638343516124,-1.6597290262597277
STU0615,Mechanical,7.27,0,1,4,65,1,48.0,20.0,1,2,-2.545698365840238,-0.7691953785607573
STU0616,Civil,7.77,1,2,2,68,0,76.1,63.8,0,1,0.34191599011209345,-0.7240713967801231
STU0617,Computer,6.39,0,2,2,80,0,47.3,67.2,0,1,-2.0201758119791564,0.5101285184511799
STU0618,Computer,6.73,0,1,2,71,0,73.2,50.6,0,1,-1.1594339839157282,-1.4855119006777024
STU0619,Mechanical,8.68,0,6,2,76,1,67.7,59.1,1,2,1.427038756236834,0.7248178055830122
STU0620,ENTC,7.01,0,2,1,78,0,76.0,85.0,0,1,0.03753128342498382,-0.5731641179393455
STU0621,Computer,6.66,3,5,3,62,0,54.8,71.1,0,0,-0.3967732629288258,1.8565168930018217
STU0622,Computer,8.08,0,7,4,78,0,61.0,57.5,1,1,0.5627045999618487,2.1128249612536187
STU0623,IT,8.67,0,5,2,61,1,76.6,62.2,1,2,1.623590730878849,-0.43784560106889564
STU0624,IT,8.25,0,4,3,69,0,61.4,61.6,1,1,0.24790041882576602,0.5424531802524151
STU0625,AI&DS,8.5,0,3,4,71,0,77.8,69.2,1,1,0.7473988326576482,0.2502612530173547
STU0626,IT,6.92,0,4,3,80,0,70.7,43.6,1,1,-0.6885849789073349,0.1217532904064805
STU0627,IT,6.32,1,1,3,63,1,62.2,55.0,0,2,-1.9016338465380012,-0.7132489817064074
STU0628,ENTC,8.95,3,2,2,70,0,63.9,80.5,1,0,1.2789880387673283,0.8822089634651984
STU0629,Computer,7.31,0,4,4,64,0,68.0,63.9,1,1,-0.3585803028843704,0.45985104201060173
STU0630,Computer,7.37,0,1,3,76,0,65.1,52.3,0,1,-1.1763994025190359,-0.5333163402201555
STU0631,ENTC,8.8,1,4,2,69,1,77.5,52.9,1,2,1.5081854356374467,-0.37170520886486497
STU0632,Mechanical,8.1,1,6,2,76,1,63.2,75.8,1,2,1.1698263780317475,1.5414879325533022
STU0633,AI&DS,8.01,0,3,4,62,1,60.6,57.2,1,2,-0.47342919672910405,0.16230890523358812
STU0634,AI&DS,9.55,0,1,0,59,1,79.8,72.7,1,2,1.9721861473488338,-2.331639296263922
STU0635,Computer,7.02,0,2,5,76,1,62.5,55.6,1,2,-1.676134993443634,0.5920043357675877
STU0636,IT,8.44,1,4,1,77,0,61.0,48.1,0,1,0.7038890035800243,0.13688540156858195
STU0637,AI&DS,7.65,1,3,4,73,1,35.7,68.7,1,2,-1.4833586421911775,2.0723815613363614
STU0638,Computer,7.84,0,1,2,73,0,54.5,63.5,0,1,-0.8835741840454823,-0.3349608047779983
STU0639,Computer,8.98,0,7,3,75,0,57.1,75.3,1,1,1.541936745145836,2.237744506804848
STU0640,IT,8.06,2,2,4,75,1,61.0,78.3,1,0,-0.13786515315805312,1.4348280519531573
STU0641,Computer,8.08,1,5,2,65,0,58.6,59.6,0,1,0.5825109010605203,0.6818991598376747
STU0642,IT,8.57,4,6,3,86,0,80.8,70.2,0,0,2.4088100988385412,2.5355349688975646
STU0643,Computer,7.27,1,1,0,58,0,57.9,59.2,0,1,-0.6552472062160144,-1.6204882568347307
STU0644,IT,6.84,0,0,0,77,1,58.9,74.5,0,2,-1.2448365018866825,-1.2943118434104126
STU0645,Computer,6.66,0,2,2,64,0,70.0,68.5,0,1,-0.8302249617498862,-0.921194948627943
STU0646,Mechanical,5.83,0,3,3,72,1,53.7,55.6,0,2,-2.2984471208576607,0.25992942217115267
STU0647,AI&DS,9.45,0,5,1,62,1,88.3,54.4,1,2,2.777582445970496,-1.3368220745514043
STU0648,ENTC,6.61,0,0,1,61,1,78.4,69.0,0,2,-0.8510603733566209,-2.4224384903873366
STU0649,ENTC,7.4,1,0,2,66,0,52.8,82.4,0,1,-1.1132530636724933,-0.14993561146680182
STU0650,IT,7.35,0,3,3,68,1,81.2,78.5,1,2,0.28923381475910404,-0.30914435305510235
STU0651,Computer,7.88,1,4,3,69,0,83.9,50.9,0,1,0.8656087522572192,-0.26940504751506783
STU0652,AI&DS,8.33,0,3,1,73,0,53.2,52.4,1,1,-0.016318026788245767,-0.25177788045150035
STU0653,AI&DS,8.37,3,4,1,67,0,52.9,54.6,0,0,0.7486584676276776,0.805506155151581
STU0654,ENTC,7.08,0,3,5,87,1,60.1,56.1,1,2,-1.5124981336291674,1.4392776905294768
STU0655,IT,7.45,0,5,2,77,0,49.6,37.8,0,1,-0.7451952929991487,0.6449304626410488
STU0656,Computer,7.85,0,6,4,62,0,57.9,76.9,1,1,0.3308825753855855,1.7205996815773918
STU0657,Computer,7.38,0,3,4,70,0,62.8,58.2,0,1,-0.8571088492986749,0.45139032519609323
STU0658,IT,9.05,1,4,4,64,0,74.6,71.9,1,1,1.5032603553211943,0.8137450917914099
STU0659,AI&DS,8.04,1,1,1,72,1,69.1,60.3,0,2,0.1231679654526054,-1.1293397391766986
STU0660,AI&DS,8.26,0,3,4,74,1,66.1,64.7,1,2,-0.006945449477404035,0.6102277715365865
STU0661,IT,8.2,0,3,4,85,1,61.7,54.7,1,2,-0.40219126470327504,0.9725825846157833
STU0662,Civil,8.66,0,2,3,62,0,51.0,64.6,0,1,-0.278703582847938,0.13158827981165533
STU0663,AI&DS,7.76,0,4,2,74,0,75.7,51.9,0,1,0.4842799296558916,-0.4262791917332058
STU0664,Computer,6.43,3,3,2,78,1,75.4,64.7,0,0,-0.2333009511732848,0.46646480925504724
STU0665,Computer,7.96,1,5,1,71,0,60.0,86.9,0,1,1.0769671153141607,1.1067158004229831
STU0666,Computer,7.01,0,3,3,79,1,53.7,72.8,1,2,-1.185483933092999,1.0032657167303534
STU0667,Computer,7.12,1,3,3,75,0,88.2,69.4,1,1,0.4247272404816846,-0.13903905878147757
STU0668,Computer,8.13,0,2,2,69,1,71.2,45.2,0,2,-0.006232618655552508,-1.2847535023386418
STU0669,Computer,8.71,2,0,3,66,0,73.2,73.5,0,0,0.54990879877661,-0.3592295285518831
STU0670,Computer,7.62,0,4,2,76,0,73.7,75.0,0,1,0.5947956139680621,0.24457678665911586
STU0671,Computer,7.88,1,3,3,62,1,52.4,69.0,1,2,-0.40282558551890235,0.6656578457572229
STU0672,Mechanical,9.13,2,2,4,78,1,87.5,68.2,1,0,1.5992397477036773,0.39367264406039454
STU0673,Computer,7.82,0,4,1,71,0,62.8,62.9,0,1,0.3661368936724868,-0.17301582890699288
STU0674,AI&DS,9.94,1,6,2,74,1,78.7,74.7,1,2,3.201475907888626,0.9764438832515444
STU0675,IT,8.11,0,4,1,82,1,87.0,86.0,1,2,1.7865524755327735,-0.1896517755723945
STU0676,Civil,6.02,0,4,3,63,0,69.1,70.0,0,1,-1.0342685290944214,0.06207192206679242
STU0677,Computer,8.28,0,2,3,78,0,52.6,50.4,0,1,-0.7564989908887099,0.34560630605528614
STU0678,IT,7.94,3,1,5,75,0,35.6,51.6,1,0,-1.8546798498901793,2.217162660665653
STU0679,Civil,8.76,2,1,2,68,0,67.5,75.9,1,0,0.8257381181929593,-0.0664539282367288
STU0680,Mechanical,8.21,1,1,5,67,1,71.3,50.5,0,2,-0.5387137768997885,-0.13580442450787533
STU0681,Mechanical,7.48,1,4,1,70,0,60.4,68.0,0,1,0.22813734249102585,0.2769127952935699
STU0682,Computer,6.5,0,3,3,97,0,69.8,59.8,0,1,-1.1456537399024784,0.8467866305984777
STU0683,Computer,7.41,3,4,1,72,0,73.6,48.9,0,0,0.7374032118876663,0.026486513977005514
STU0684,ENTC,6.83,0,4,4,69,0,80.9,77.5,1,1,-0.054228842340415945,0.44682605722979274
STU0685,Civil,7.08,0,2,3,71,0,65.0,75.6,0,1,-0.8296614364581385,0.10065499582879597
STU0686,AI&DS,8.13,0,6,3,60,0,67.4,44.7,0,1,0.6992317765038079,0.19796513499885196
STU0687,AI&DS,9.1,1,3,4,70,0,65.7,72.2,1,1,0.9213399147235491,1.0802422416919442
STU0688,Computer,7.96,1,1,1,78,1,68.4,70.0,1,2,0.1394092779579994,-0.6532624342650833
STU0689,ENTC,6.52,0,3,0,62,0,61.3,77.6,0,1,-0.52449759777738,-0.9018816528137711
STU0690,Computer,8.0,0,2,4,61,1,61.3,67.5,0,2,-0.5606732948876795,0.018365516290608164
STU0691,IT,8.68,1,2,2,70,0,62.1,86.4,1,1,0.7789122877670336,0.4573088026885949
STU0692,IT,7.05,0,3,1,62,0,70.0,63.1,0,1,-0.15298500455180059,-1.1544166601346468
STU0693,AI&DS,7.48,1,3,3,56,0,57.0,60.9,0,1,-0.5812219614824642,0.12653364738322692
STU0694,Computer,7.61,3,3,3,67,0,62.1,50.4,0,0,-0.1599936270455157,0.7414497844591017
STU0695,Computer,6.89,0,3,0,71,1,91.5,51.0,1,2,0.5462220397273343,-2.350777239496821
STU0696,AI&DS,8.18,0,6,2,72,1,79.7,49.6,1,2,1.4080182790339422,-0.13312754651182349
STU0697,Computer,7.49,1,6,0,86,1,55.6,68.3,1,2,0.6440327899269946,1.2642505074502974
STU0698,AI&DS,7.98,1,3,2,74,1,79.2,61.0,1,2,0.7834574920658616,-0.4234938119601219
STU0699,Computer,6.8,0,3,4,78,0,76.2,70.0,0,1,-0.6451671365981091,0.48871958834254725
STU0700,IT,7.21,3,3,5,65,0,66.6,46.9,0,0,-0.7134888557254655,1.1293055219383101
STU0701,AI&DS,8.25,0,2,3,56,1,58.8,52.2,0,2,-0.4584880591958672,-0.7854617956769304
STU0702,Computer,7.26,0,3,1,76,1,57.3,51.9,1,2,-0.7295050978876848,-0.451119373312243
STU0703,IT,9.15,1,3,4,57,1,70.9,97.5,1,2,1.5186856668596915,0.8788045025067336
STU0704,Computer,7.24,2,3,3,74,0,57.0,62.5,0,0,-0.6639633175393187,1.1531126433940637
STU0705,Computer,7.8,0,1,1,49,0,82.3,64.0,1,1,0.48192267205998573,-2.679879046746579
STU0706,Civil,8.44,1,4,4,67,1,86.0,63.8,1,2,1.3355580004625185,0.19648285017454592
STU0707,IT,6.32,0,1,4,71,0,67.4,88.3,0,1,-1.5929696683000478,0.30744066257828023
STU0708,Mechanical,6.02,0,4,3,67,0,82.8,40.8,0,1,-0.8901549502057369,-0.964361273334986
STU0709,Computer,6.23,0,2,3,83,0,62.6,64.1,0,1,-1.7790937470337393,0.33995762702530197
STU0710,ENTC,8.74,2,2,2,73,1,58.7,40.7,0,0,0.19042098807953067,-0.11058605275436088
STU0711,ENTC,7.1,0,5,2,87,0,82.3,29.3,0,1,0.13691012741440733,-0.41489555567832015
STU0712,AI&DS,9.9,0,4,3,62,1,88.5,54.0,1,2,2.4954272580705954,-0.8947247062001249
STU0713,IT,7.09,0,1,2,68,0,93.5,71.2,1,1,0.21120843770653747,-1.873720335202391
STU0714,IT,7.77,2,1,2,81,1,72.3,53.0,0,0,-0.1318239035749034,-0.4081252647148253
STU0715,IT,8.99,0,5,4,73,1,79.2,70.9,1,2,1.659603822881894,0.8931236906608555
STU0716,Civil,9.41,1,3,4,57,0,72.0,66.6,1,1,1.3863503047472971,0.22915526285513751
STU0717,Mechanical,9.46,0,1,3,82,1,86.2,62.9,1,2,1.3642220773173948,-0.793566013790154
STU0718,Civil,8.69,0,1,4,57,0,73.6,84.0,0,1,0.4802805984651292,-0.4124744308767693
STU0719,Computer,8.52,0,5,4,58,0,78.5,56.1,0,1,1.161074150753532,0.0456226998346426
STU0720,ENTC,8.13,1,4,3,74,1,53.2,70.7,1,2,0.04717664670878034,1.4712742399394794
STU0721,Civil,8.3,2,4,2,52,0,65.0,38.0,0,0,0.6716068205875763,-0.5520076807204654
STU0722,Computer,7.1,0,1,2,74,0,78.6,66.5,0,1,-0.4592817409362414,-1.1849415730880364
STU0723,Computer,6.86,0,0,2,64,0,77.4,61.1,0,1,-0.9739763342889943,-1.9812815362233775
STU0724,ENTC,7.6,0,4,1,64,0,79.7,47.3,0,1,0.6890708637250679,-1.453056104941732
STU0725,AI&DS,7.45,0,2,2,68,1,69.6,71.0,0,2,-0.249916285928305,-0.7201183258903637
STU0726,Mechanical,7.19,0,4,2,74,0,59.5,53.9,1,1,-0.5748159425098619,0.19203342742541954
STU0727,Computer,8.23,0,1,3,63,1,67.2,91.0,0,2,0.10056237017841403,-0.258549628007651
STU0728,ENTC,8.46,0,1,4,66,1,68.6,28.5,1,2,-0.6971589351998022,-1.2337434645508594
STU0729,Computer,7.68,0,4,1,77,0,71.1,68.7,0,1,0.6428834929646536,-0.12905083155304362
STU0730,Computer,8.93,0,2,3,63,0,55.4,65.6,0,1,0.11460859181428218,0.0454549852103086
STU0731,Computer,6.57,1,1,3,72,1,64.5,60.8,0,2,-1.5738684265939737,-0.30039207647739236
STU0732,Mechanical,7.43,0,1,1,71,0,66.8,57.1,0,1,-0.5951236504698024,-1.420483555991886
STU0733,ENTC,6.95,0,3,4,72,0,38.9,66.0,0,1,-2.0454776326384856,1.5793905800936017
STU0734,AI&DS,5.92,1,4,3,58,0,78.8,80.9,0,1,-0.4131289206421985,0.04834983915437605
STU0735,IT,7.53,0,2,2,59,1,70.1,39.9,1,2,-0.546190764032713,-1.7936219938965934
STU0736,Mechanical,7.49,0,2,4,53,1,71.4,52.9,1,2,-0.7156185278429971,-1.0408057245692808
STU0737,IT,8.96,0,4,2,61,0,61.3,49.2,0,1,0.8506549653959075,-0.37204011340366017
STU0738,Mechanical,8.17,0,3,3,73,0,75.6,48.5,1,1,0.31576837479104863,-0.45378688078062773
STU0739,IT,6.68,0,1,0,72,1,57.2,70.1,0,2,-1.228132290084816,-1.2231759876573693
STU0740,IT,9.27,0,1,4,83,1,59.2,73.8,1,2,0.09009700588565327,0.8698037794892937
STU0741,IT,8.7,3,3,2,71,1,76.2,81.0,1,0,1.7940887134978951,0.6859900327036966
STU0742,IT,8.12,0,2,3,65,1,72.6,74.1,1,2,0.2469570748520978,-0.46402585256752915
STU0743,ENTC,7.4,0,3,2,79,0,51.4,75.3,0,1,-0.7181834063884007,0.8812713243944057
STU0744,AI&DS,6.74,0,2,3,66,1,88.5,43.8,1,2,-0.5906044571392333,-1.8069323116961347
STU0745,Computer,7.27,0,6,4,79,0,58.1,87.3,0,1,-0.035237134047447896,2.574127978286596
STU0746,Mechanical,8.58,0,7,3,88,0,66.3,61.9,1,1,1.3732537417642892,2.065373301302176
STU0747,IT,9.3,1,4,3,62,1,90.7,80.5,1,2,2.6193809987202616,-0.10837240478901058
STU0748,AI&DS,8.99,0,2,3,66,0,41.2,44.4,1,1,-0.6965718683866122,0.2179633244804514
STU0749,Civil,7.16,0,2,4,73,1,45.8,61.4,1,2,-1.9526850469645962,0.8751892090627608
STU0750,AI&DS,6.59,0,0,3,81,0,73.7,79.1,0,1,-1.347819624235886,-0.41599315246479124
STU0751,Computer,7.73,0,5,4,74,1,35.8,65.4,1,2,-1.1189524337446997,2.3586335944541648
STU0752,Civil,6.01,4,2,4,66,1,41.4,53.7,0,0,-2.4961110967385,1.7350964388886978
STU0753,AI&DS,7.89,0,4,2,63,0,83.3,84.6,0,1,1.361586285288876,-0.3868605911094834
STU0754,IT,7.47,0,4,2,64,1,62.7,47.4,0,2,-0.3117205969768853,-0.527150731837481
STU0755,Computer,7.18,0,4,2,82,0,96.5,64.7,1,1,1.0042151796473988,-0.6450254542958502
STU0756,ENTC,6.16,3,5,4,74,1,54.5,74.6,0,0,-1.0181699909998105,2.673590680569518
STU0757,AI&DS,8.06,0,3,2,82,0,63.9,96.4,1,1,0.5576296766073279,1.0521093021330987
STU0758,AI&DS,7.12,0,3,3,66,1,75.0,58.1,1,2,-0.3979654226806896,-0.6339441293773552
STU0759,Mechanical,6.55,1,5,4,65,0,74.1,60.9,0,1,-0.34966484026628764,0.7676045843471168
STU0760,ENTC,5.01,1,4,2,59,0,64.7,58.3,0,1,-1.7881861694311332,-0.3280138576079795
STU0761,Computer,7.58,0,3,3,71,0,59.6,68.6,0,1,-0.50368328672839,0.4905481207040682
STU0762,IT,9.2,0,4,2,73,0,71.0,73.8,0,1,1.7030954865203385,0.3069350542194484
STU0763,Computer,9.1,0,3,1,69,1,85.9,81.4,1,2,2.247804511428529,-1.0067705874559187
STU0764,ENTC,7.19,0,3,4,68,1,77.9,76.3,1,2,-0.18738876131497048,0.1252995438407219
STU0765,Computer,7.06,0,4,1,69,1,59.8,57.5,0,2,-0.43651564475327714,-0.3907750749417291
STU0766,AI&DS,8.02,0,3,2,77,0,55.1,77.2,1,1,-0.059228623193082024,0.7483863603199724
STU0767,ENTC,6.7,0,1,4,65,0,59.0,66.4,1,1,-1.9014588388496656,-0.08402506428993461
STU0768,Mechanical,7.87,0,3,2,63,0,51.4,76.2,0,1,-0.2832159041420784,0.309590266265383
STU0769,IT,8.29,0,2,5,74,1,69.9,77.0,1,2,-0.10954354796150861,0.8075589095339327
STU0770,Mechanical,8.7,3,2,5,76,1,78.6,89.5,1,0,1.1585771729786547,1.7839806382574845
STU0771,Computer,7.51,0,4,2,78,0,67.1,59.7,1,1,0.03687858337780866,0.21498307673855988
STU0772,Mechanical,7.42,0,4,0,64,0,90.4,56.8,0,1,1.2944576419324831,-2.022454354561106
STU0773,Computer,6.81,0,1,3,69,0,91.1,71.7,0,1,-0.29026483538342457,-1.3806164529122387
STU0774,IT,6.86,3,7,3,71,1,72.0,82.7,0,0,1.0255777280553604,2.3832101891206556
STU0775,ENTC,7.4,0,3,1,70,1,77.1,65.9,1,2,0.37515240084198676,-1.1025008413384811
STU0776,Computer,7.93,0,2,3,73,1,56.3,83.7,1,2,-0.451969767749395,0.6683105068633373
STU0777,Computer,8.42,0,6,0,68,0,63.3,75.4,1,1,1.7137522028383407,0.27099584739019017
STU0778,ENTC,6.88,0,0,4,63,1,84.5,62.0,0,2,-1.0770733550204545,-1.6035192684169532
STU0779,ENTC,8.94,0,6,1,60,1,60.5,73.5,1,2,1.784188503128659,0.3475716240479465
STU0780,AI&DS,7.36,0,3,1,67,0,87.3,58.5,0,1,0.6959160042440888,-1.6959267069164257
STU0781,ENTC,7.58,0,3,1,76,0,82.5,68.6,0,1,0.7746307948138825,-0.9194126627865079
STU0782,AI&DS,6.93,3,5,5,66,0,77.8,48.9,0,0,0.03409436093158483,1.3989100859842944
STU0783,Computer,5.42,0,5,3,63,0,52.8,64.0,0,1,-1.9789198747134518,0.8125554036622769
STU0784,IT,8.4,0,2,4,70,1,63.9,80.0,1,2,-0.016387907812530644,0.5826803312463158
STU0785,Computer,8.26,1,4,2,61,0,76.4,76.5,0,1,1.4217829375781446,-0.06023928264560449
STU0786,Civil,7.35,0,3,2,70,1,55.2,74.3,1,2,-0.6170349078553701,0.2819765588448402
STU0787,AI&DS,7.66,0,6,2,61,1,65.5,69.3,0,2,0.7427885281015161,0.38823127742538627
STU0788,IT,8.06,0,1,3,73,0,77.8,67.4,1,1,0.07361825062957755,-0.7386435805033928
STU0789,IT,6.19,0,3,3,77,1,60.6,46.0,1,2,-1.8913681478649982,-0.0003553367162903134
STU0790,Civil,7.12,2,5,3,76,0,57.0,61.9,0,0,-0.2770731992308149,1.83509239923484
STU0791,Computer,8.31,3,3,2,79,0,44.6,67.7,0,0,0.06016910645906431,1.9386713220711083
STU0792,AI&DS,6.47,0,2,5,80,0,63.0,48.1,0,1,-2.163264766049874,0.6007507142324707
STU0793,AI&DS,7.86,0,0,1,63,0,78.1,38.7,0,1,-0.2739834031662844,-2.8620132885694636
STU0794,AI&DS,6.38,3,1,5,69,0,56.7,81.9,0,0,-1.795621864098905,1.7757231786655434
STU0795,Computer,8.02,1,4,0,74,0,68.2,65.8,0,1,1.1042850525354806,-0.24640458830200912
STU0796,Mechanical,7.57,2,6,3,71,0,65.1,68.1,1,0,0.7415148264516007,1.819138248370837
STU0797,Civil,6.15,0,2,2,69,0,59.3,73.3,0,1,-1.605578861754451,-0.2475050898864573
STU0798,AI&DS,8.65,0,4,2,67,1,78.9,50.3,1,2,1.2721963364260536,-0.876336124483378
STU0799,ENTC,6.94,1,1,3,77,0,89.3,58.9,1,1,-0.3120383935470406,-0.9796954808191458
STU0800,Civil,6.87,0,1,2,70,1,81.1,87.6,1,2,-0.27512225598830303,-1.048335620672204
STU0801,ENTC,7.78,0,8,2,67,0,59.0,57.7,1,1,0.9276317172270047,1.3153699482972054
STU0802,Computer,8.63,0,2,3,63,1,93.9,61.0,1,2,1.3233929525920152,-1.6096095688334913
STU0803,AI&DS,6.69,0,2,3,68,0,81.0,55.0,1,1,-0.7550884846292237,-1.1149359612471128
STU0804,AI&DS,7.66,0,3,4,63,1,62.1,53.9,1,2,-0.7314805878130529,0.04624854127112818
STU0805,IT,7.99,0,4,2,79,0,57.9,81.6,0,1,0.3273927204773267,1.1320008371968222
STU0806,ENTC,8.22,3,2,3,73,1,82.6,27.8,0,0,0.5264402319005094,-0.6644649934401884
STU0807,Civil,7.76,0,1,3,67,0,70.3,58.1,0,1,-0.5574810752352026,-0.9217851428270519
STU0808,Civil,7.27,1,2,2,59,0,56.9,68.4,0,1,-0.7144328095950703,-0.2794160895000267
STU0809,IT,6.86,0,1,3,66,1,66.1,90.5,0,2,-1.019388265370334,-0.20253311476603092
STU0810,Computer,7.68,0,0,2,69,0,62.7,48.0,1,1,-1.1182680628321116,-1.476826624042761
STU0811,Civil,6.64,3,3,1,59,0,57.3,45.4,0,0,-0.7517485144198217,-0.30950996171480594
STU0812,Mechanical,5.0,0,2,2,63,0,81.2,52.1,0,1,-1.879760614763625,-1.8664594734730484
STU0813,Computer,7.99,0,6,1,54,1,78.2,75.5,0,2,1.8043518465288793,-0.5706951485007902
STU0814,Civil,8.41,0,2,3,68,1,78.9,66.9,1,2,0.6153384720450389,-0.7295316892231202
STU0815,Mechanical,5.47,0,2,3,76,0,78.7,43.4,0,1,-1.972671473852641,-1.0620886134309528
STU0816,AI&DS,6.69,1,2,5,69,1,56.1,66.5,1,2,-1.8664510427034284,1.0918513790378743
STU0817,AI&DS,8.16,2,6,3,67,0,60.2,88.3,1,0,1.2845182482875648,2.3478178961393836
STU0818,IT,9.45,0,1,1,70,0,87.0,69.0,0,1,1.9311353533660531,-1.815252406847505
STU0819,Computer,7.62,0,4,4,81,1,69.4,67.5,1,2,-0.11153901643805088,1.092835757184012
STU0820,IT,6.94,0,4,4,59,1,48.9,68.4,1,2,-1.3589481313088136,0.9836382756368941
STU0821,Mechanical,7.44,1,2,2,65,1,70.8,71.2,1,2,-0.046982639595323686,-0.5736420726409781
STU0822,Computer,8.84,0,3,3,82,0,76.5,46.0,1,1,0.802317210351817,-0.14959476394086293
STU0823,IT,7.02,0,0,5,85,0,74.8,61.5,1,1,-1.6047728977589222,0.06727476775877345
STU0824,IT,6.88,0,3,3,77,0,55.8,62.3,1,1,-1.3016691199358594,0.6773903274680477
STU0825,AI&DS,7.17,0,4,4,63,0,92.5,57.7,0,1,0.4308194239009471,-0.6531363899056992
STU0826,Civil,6.74,0,2,1,61,0,48.5,75.3,0,1,-1.3310754634274398,-0.43828783418426204
STU0827,IT,7.71,1,4,1,65,1,69.4,55.5,1,2,0.5854499329307075,-0.6062047998311768
STU0828,IT,9.06,0,0,2,62,1,90.6,59.6,1,2,1.2067509515475754,-2.5241729736677874
STU0829,ENTC,7.89,0,2,3,61,0,75.7,46.1,1,1,-0.13082642326349564,-1.3112775788435778
STU0830,IT,7.37,2,4,4,66,0,78.9,70.7,0,0,0.5023843553626854,0.895441333526122
STU0831,Computer,7.34,1,4,5,72,1,54.3,79.1,0,2,-0.785459662951822,2.2327890239956885
STU0832,IT,6.19,0,2,2,77,0,72.5,59.6,0,1,-1.2602764042343961,-0.7430769865352111
STU0833,Computer,8.39,0,3,0,65,1,67.5,77.1,1,2,1.1169868563580914,-0.9852463041517524
STU0834,Computer,7.53,0,4,4,57,0,53.3,62.8,0,1,-0.762479566064002,0.7306231659876976
STU0835,IT,7.44,0,4,3,64,0,79.2,27.1,0,1,-0.10678529720013598,-1.1637948017699546
STU0836,IT,10.0,0,3,1,71,1,57.3,64.2,1,2,1.5686182487868763,-0.1835562967534856
STU0837,Civil,7.87,0,3,3,78,0,58.9,62.4,0,1,-0.4158839208049441,0.667507701935224
STU0838,IT,6.92,0,3,3,64,0,73.6,66.5,0,1,-0.4574149009750634,-0.40150321875821143
STU0839,AI&DS,7.22,1,2,4,66,0,66.1,68.8,1,1,-0.7924750835491835,0.39415091032110766
STU0840,AI&DS,8.63,0,3,3,69,1,70.2,54.7,1,2,0.5209909210821637,-0.313490132691708
STU0841,Computer,7.7,0,4,2,72,1,65.3,87.1,1,2,0.46509984366499446,0.6072777088717642
STU0842,ENTC,6.31,0,5,5,66,0,86.4,64.0,1,1,-0.3492553481315045,0.46397492870392754
STU0843,Computer,8.43,3,5,3,64,0,56.0,62.0,0,0,0.8902991981324712,1.7991410088599367
STU0844,Civil,7.0,1,1,2,62,1,62.0,76.2,0,2,-0.9074519087067976,-0.5869017718141701
STU0845,Computer,9.29,1,5,2,65,0,74.3,65.3,1,1,2.2180046393537594,0.3005211218359178
STU0846,IT,8.57,1,4,3,94,1,55.2,100.0,1,2,0.7796297239134753,2.872606100982593
STU0847,Computer,7.2,3,2,2,64,0,54.6,61.9,0,0,-0.666995112424083,0.45856358951843007
STU0848,Civil,8.75,0,2,1,68,0,69.8,70.3,1,1,0.9775346976144075,-0.9489191886187672
STU0849,AI&DS,7.66,0,1,3,70,1,79.3,53.8,1,2,-0.37651764909047303,-1.3280839436832157
STU0850,AI&DS,8.37,0,3,2,56,0,81.0,78.1,1,1,1.3334337405268777,-1.002161188118977
STU0851,Computer,8.04,1,5,3,74,1,69.2,69.6,1,2,0.8479134824477481,1.1500748632501545
STU0852,ENTC,6.84,1,1,1,87,0,59.3,59.9,0,1,-1.223576188383495,-0.185037793165371
STU0853,Computer,7.02,0,2,3,67,0,71.6,51.9,0,1,-0.9118866574655792,-0.8484433958967842
STU0854,Mechanical,8.53,0,3,2,69,1,75.4,45.4,0,2,0.7202053235997856,-1.0990784670228742
STU0855,Computer,7.3,0,3,0,68,0,71.4,71.3,0,1,0.37441403726324973,-1.1406636113540425
STU0856,Computer,7.24,2,3,1,69,1,84.0,44.2,0,0,0.5407853788654852,-1.2976594002868787
STU0857,Computer,6.74,0,3,5,79,0,54.8,84.6,0,1,-1.5468307106970502,2.0340576496161096
STU0858,IT,7.98,0,5,4,68,1,58.9,46.1,1,2,-0.23874144202795866,0.8307027733808212
STU0859,AI&DS,9.46,0,4,2,67,1,82.2,62.3,1,2,2.1882004174474834,-0.6732578489916362
STU0860,Computer,6.64,0,3,4,79,0,48.9,51.8,1,1,-2.1008663878423666,1.1308220180698705
STU0861,ENTC,7.62,2,5,3,58,1,61.0,65.5,0,0,0.3515415099179051,1.0190131486147649
STU0862,IT,8.87,0,4,5,57,1,58.5,65.4,1,2,0.28960253991230783,0.9744579447135424
STU0863,AI&DS,7.53,1,1,2,60,0,47.7,71.7,1,1,-1.0876202818901581,-0.11406644168068802
STU0864,IT,8.01,0,3,3,74,1,65.6,42.1,1,2,-0.32672003620910933,-0.27383755969563767
STU0865,IT,6.64,0,3,1,66,1,77.7,53.5,0,2,-0.3371815448854808,-1.6142125086801014
STU0866,AI&DS,7.99,0,1,2,79,0,70.0,79.6,1,1,0.04033573477832258,-0.3081796173969449
STU0867,Computer,7.43,1,5,5,63,0,78.4,74.9,1,1,0.5017619262394954,1.2762032924360467
STU0868,Computer,8.49,0,3,3,71,0,83.5,27.5,1,1,0.6071040377969842,-1.2871539757756636
STU0869,Mechanical,8.67,0,2,2,63,0,63.0,70.7,1,1,0.4764685985691792,-0.5127754577355564
STU0870,Civil,9.93,0,3,1,62,1,100.0,49.5,1,2,3.0544931076328297,-2.483361160116558
STU0871,IT,8.12,3,3,3,64,0,63.5,56.1,0,0,0.3764363002300304,0.7356494640567082
STU0872,Computer,7.89,0,3,3,63,1,65.2,61.6,1,2,-0.13593738139700293,-0.25057213874749795
STU0873,AI&DS,7.77,1,1,2,63,0,58.8,88.4,0,1,-0.25025565176858316,-0.01869314623839226
STU0874,IT,7.28,0,5,5,81,0,75.1,49.4,1,1,-0.29960767372570013,1.205663706259526
STU0875,Computer,7.9,0,1,0,72,1,64.2,43.9,0,2,-0.35377629389872456,-2.0035674502794865
STU0876,Computer,7.33,0,4,2,75,0,67.0,71.8,0,1,0.06529544067298168,0.36588647772376626
STU0877,ENTC,7.75,0,2,4,78,0,65.3,64.6,1,1,-0.6645029788747412,0.5265441944737435
STU0878,ENTC,8.79,0,3,2,68,0,65.0,83.1,1,1,1.0417563660952756,0.21028950368290455
STU0879,Computer,6.69,0,4,2,80,0,70.1,59.7,0,1,-0.48454116423273536,0.12542647292067055
STU0880,Computer,8.63,0,3,3,72,0,62.1,83.2,1,1,0.5965170202298296,0.8379654825624503
STU0881,Computer,8.79,2,8,4,68,1,62.8,65.2,1,0,1.8356270913785093,2.721035977028803
STU0882,ENTC,7.49,0,2,1,85,0,81.9,72.9,0,1,0.456876104805154,-0.7668911849468468
STU0883,Computer,5.69,1,2,5,70,1,64.2,89.4,1,2,-2.0168467732266353,1.2814703147005166
STU0884,Computer,7.05,0,1,4,75,1,73.0,62.5,1,2,-1.1946843229157968,-0.36703252171397643
STU0885,ENTC,8.77,0,1,1,79,0,56.4,80.7,1,1,0.30816351122841423,-0.08965587005705886
STU0886,Computer,7.58,0,5,3,55,0,62.2,55.8,0,1,-0.01455569928551116,0.1029318351330283
STU0887,ENTC,6.7,0,2,2,67,1,52.0,68.4,0,2,-1.5609687998318462,-0.2048662558384733
STU0888,Computer,7.15,0,0,2,73,1,92.1,43.3,1,2,-0.46594047733478877,-2.6506357984444424
STU0889,Computer,8.36,0,2,4,81,0,85.9,57.4,1,1,0.5206578834804709,-0.25664638717711546
STU0890,Computer,8.09,0,5,5,67,0,75.7,49.1,0,1,0.3985078205804249,0.6844916012827628
STU0891,ENTC,7.38,0,4,1,67,0,96.0,83.3,0,1,1.6337440625731405,-1.1440025114528645
STU0892,Mechanical,7.27,2,4,2,73,0,78.0,91.1,0,0,1.018036206051703,0.9189852319360812
STU0893,Mechanical,7.25,1,4,3,83,1,65.8,59.7,0,2,-0.31008510152448554,1.0377989535520493
STU0894,IT,6.77,0,4,2,70,1,72.8,53.4,0,2,-0.3932053401760032,-0.5836262117233013
STU0895,ENTC,9.05,0,1,2,70,0,85.7,45.3,1,1,1.0641461154229688,-1.9624672858102112
STU0896,Computer,7.31,0,3,1,77,1,56.6,69.0,1,2,-0.4961259557081529,0.007547118447349079
STU0897,Computer,8.7,0,1,3,75,1,52.8,56.0,1,2,-0.6183246618935179,-0.01537154470722947
STU0898,Mechanical,8.97,0,4,2,62,0,73.3,56.8,1,1,1.4332269207951267,-0.6113208761753469
STU0899,Computer,8.5,0,4,1,82,0,60.4,89.4,1,1,1.1053994228439923,0.9955433257716649
STU0900,Computer,7.21,0,3,4,71,1,38.6,60.6,1,2,-1.956427828938928,1.3665337387980157
STU0901,Computer,7.96,0,3,4,71,1,51.8,73.8,1,2,-0.6765506349486241,1.2198987520087985
STU0902,Computer,7.58,0,3,3,76,1,64.0,65.8,0,2,-0.41634089929402157,0.3763815929105623
STU0903,Computer,6.79,1,4,2,74,0,68.6,44.7,0,1,-0.49416726919994636,-0.0826008296453862
STU0904,AI&DS,7.89,1,2,3,70,0,69.0,37.3,0,1,-0.39898821176220417,-0.6041269673054515
STU0905,IT,6.54,0,3,2,64,0,94.1,72.3,1,1,0.3348462796565778,-1.4378932042302575
STU0906,Mechanical,8.67,2,4,2,60,1,65.3,90.6,0,0,1.6036441439796811,0.89330969193331
STU0907,Mechanical,7.18,3,5,3,72,1,71.6,69.7,1,0,0.5859454394425281,1.5362868593279264
STU0908,IT,7.78,0,2,0,60,0,46.9,74.4,0,1,-0.4071568713700736,-0.7393281695739473
STU0909,Computer,7.85,0,2,1,78,1,67.6,51.4,1,2,-0.12512211540109855,-1.0464677417790016
STU0910,IT,7.37,0,1,0,65,1,72.3,80.2,0,2,0.06628532850401277,-1.7888382492837855
STU0911,AI&DS,8.13,3,2,1,79,1,50.1,80.0,0,0,0.2158880600324658,1.236957221943781
STU0912,Computer,7.17,2,4,1,56,1,55.9,54.6,0,0,-0.198608625809665,-0.19976923507806393
STU0913,AI&DS,8.38,0,2,5,71,0,74.4,73.2,1,1,0.13225962304381217,0.5196821932591034
STU0914,IT,6.39,0,2,2,69,1,60.9,38.5,0,2,-1.8492768117984806,-1.1648664136004692
STU0915,AI&DS,7.71,0,4,1,66,0,66.7,75.9,0,1,0.6273673447196219,-0.22561265511383122
STU0916,IT,9.35,0,3,2,80,0,75.0,56.4,0,1,1.4741679497069027,-0.270818375003835
STU0917,Computer,6.7,0,4,5,79,1,94.5,46.6,1,2,-0.28408061378230615,-0.09788791620136209
STU0918,Civil,6.99,2,1,3,79,1,65.1,71.0,1,0,-0.9677845891622828,0.5149322448486781
STU0919,ENTC,8.06,0,3,2,56,0,91.0,38.4,1,1,0.9666972543923038,-2.3050534550085118
STU0920,Computer,7.76,1,6,4,69,1,42.5,70.1,1,2,-0.351456638542003,2.638046166247131
STU0921,Mechanical,7.92,2,3,2,67,1,69.9,48.0,1,0,0.3697790537386266,-0.3415301891505689
STU0922,IT,8.04,1,1,2,70,1,63.7,44.8,1,2,-0.4820880568925178,-0.986396785238341
STU0923,Mechanical,8.17,0,3,2,66,0,61.1,65.9,1,1,0.18727664124687624,-0.15408987947324276
STU0924,ENTC,8.6,0,6,2,75,1,76.6,62.4,1,2,1.7671829377290966,0.42039688806572256
STU0925,IT,7.97,0,4,2,74,0,65.2,86.9,1,1,0.691631147224121,0.7816254926315465
STU0926,Computer,7.38,0,4,3,83,0,41.7,45.7,0,1,-1.471820782035925,1.4099841934956374
STU0927,Computer,8.21,0,1,2,69,0,47.4,85.6,0,1,-0.572986857885255,0.3053630606007082
STU0928,AI&DS,9.31,0,5,3,67,0,77.4,47.9,1,1,1.7776506046055252,-0.06772102725613435
STU0929,AI&DS,7.48,0,0,1,71,1,46.7,78.8,0,2,-1.3494420589952505,-0.5568887569222737
STU0930,Computer,6.72,0,5,1,84,0,77.7,81.6,0,1,0.556262801810937,0.43830674133063946
STU0931,Computer,8.6,0,2,2,67,1,69.6,69.8,1,2,0.6262727510853782,-0.710127433886002
STU0932,Mechanical,7.49,0,0,5,66,0,65.8,53.1,1,1,-1.6401644988957644,-0.4942198906714915
STU0933,Civil,5.64,1,3,2,71,1,66.9,42.2,0,2,-1.7516679346766093,-0.6609090976081325
STU0934,AI&DS,8.36,1,6,3,80,1,74.7,35.7,0,2,1.0903843725469728,0.7374937552873846
STU0935,Computer,7.12,0,3,2,59,1,52.7,92.8,0,2,-0.6081081914311811,0.3542767231102957
STU0936,Computer,7.52,0,2,1,68,1,68.5,60.5,0,2,-0.18621061361550292,-1.284365742989034
STU0937,Computer,7.9,0,2,1,51,1,53.2,48.4,1,2,-0.5985472555115269,-1.6208681573760972
STU0938,Civil,7.77,0,2,2,66,1,70.1,47.9,0,2,-0.28113714889963815,-1.3224979244652366
STU0939,Computer,8.24,0,3,1,75,1,76.4,67.5,0,2,0.9985678737314333,-0.7890674422464844
STU0940,AI&DS,7.21,2,7,1,63,0,70.2,59.1,0,0,1.209850408443437,0.6571848215394291
STU0941,Computer,8.06,0,0,4,80,1,75.9,36.2,1,2,-0.9134414321514022,-1.1271646771689432
STU0942,AI&DS,7.37,0,3,0,86,0,58.9,78.0,0,1,-0.04820511916559009,0.1892020277138149
STU0943,ENTC,8.26,0,3,3,65,0,67.2,70.0,0,1,0.3653422984952153,0.04741270581328133
STU0944,Mechanical,8.15,0,4,2,59,1,64.9,92.6,1,2,0.9183357974347954,0.2711451637105042
STU0945,Computer,6.76,0,3,3,61,0,64.1,82.1,0,1,-0.7416299352364587,0.18480963346838666
STU0946,Computer,8.58,0,3,3,72,1,57.6,20.0,1,2,-0.49015675697230804,-0.5164797045553168
STU0947,Computer,7.12,0,3,2,47,0,62.4,86.3,1,1,-0.2306984686878776,-0.5477870467831897
STU0948,Civil,8.33,0,3,2,65,0,53.5,83.1,0,1,0.23961106353225545,0.49627209343064327
STU0949,Mechanical,7.93,0,7,3,68,0,46.0,54.0,1,1,0.03298111417985737,1.8278502450854603
STU0950,AI&DS,9.25,0,2,4,70,0,58.9,58.5,1,1,0.1885007326127364,0.4164661890178535
STU0951,AI&DS,7.4,0,2,1,64,1,76.1,71.2,1,2,0.18047277339343107,-1.4905619310165288
STU0952,ENTC,7.29,3,3,1,71,0,71.0,49.8,0,0,0.3092968781000806,-0.21477920431666106
STU0953,Computer,7.58,0,3,4,69,0,51.7,61.4,1,1,-1.098634148228318,0.9170088299064082
STU0954,Civil,7.33,0,4,2,70,0,62.7,80.0,1,1,0.02132882415541375,0.5201473149415038
STU0955,IT,8.32,0,2,3,71,0,77.0,72.8,1,1,0.5690966125883173,-0.333152661240391
STU0956,IT,6.15,0,3,2,75,1,62.2,55.0,0,2,-1.5394255168693796,-0.306840361743102
STU0957,AI&DS,6.65,0,3,1,74,0,49.6,80.3,0,1,-1.091820135369087,0.4476842846400891
STU0958,Computer,6.64,0,3,3,68,1,97.3,69.5,1,2,0.2629273802442064,-1.1682892648805219
STU0959,Computer,8.46,1,2,3,77,1,65.8,69.0,1,2,0.2751827629971571,0.47073279692438413
STU0960,ENTC,9.14,0,3,2,55,1,52.9,57.3,1,2,0.5052342205824863,-0.4847082826490522
STU0961,Computer,7.51,0,1,3,52,1,70.2,64.9,1,2,-0.6404038159303592,-1.4432526677714341
STU0962,AI&DS,7.45,0,5,4,68,0,66.9,53.4,0,1,-0.2007467182464389,0.7398229715574017
STU0963,Computer,7.66,2,4,3,56,0,48.0,35.9,0,0,-0.735164827893594,0.5250208754240185
STU0964,IT,8.65,0,3,1,69,1,69.2,60.8,0,2,0.962284473055804,-0.8770954479357195
STU0965,Computer,6.77,0,4,3,73,1,80.8,63.2,1,2,-0.14851722676804838,-0.17385006774839887
STU0966,IT,7.81,0,3,3,68,1,65.0,67.1,1,2,-0.15163453370549668,0.07190856456043804
STU0967,ENTC,8.48,0,3,4,81,1,41.2,83.2,1,2,-0.6101395523876149,2.2579041617104068
STU0968,Computer,8.05,0,4,3,60,0,72.4,55.2,1,1,0.48057581282491246,-0.38200509749212047
STU0969,AI&DS,7.77,0,3,1,68,0,75.8,59.5,0,1,0.5640484610596134,-1.1735474027511834
STU0970,IT,8.5,0,4,3,72,1,60.4,76.5,1,2,0.5550974775013113,0.974151693412961
STU0971,ENTC,5.17,0,2,3,70,1,60.5,53.7,0,2,-2.8025822639412694,-0.47425403839106733
STU0972,Civil,8.21,0,5,0,80,0,97.4,67.3,1,1,2.5100479307806793,-1.0581040361371685
STU0973,ENTC,7.01,0,4,2,96,1,59.4,58.9,1,2,-0.7662407939289549,1.0757713375601532
STU0974,Computer,5.95,2,2,2,91,0,53.4,61.3,0,0,-1.9385167867516078,1.1544421190755174
STU0975,Computer,8.06,0,3,3,63,0,68.3,76.4,0,1,0.34689543450064886,0.060725426836066444
STU0976,Computer,8.84,0,4,2,75,1,75.5,59.4,1,2,1.3740125107884362,-0.216344518358877
STU0977,AI&DS,7.48,0,4,3,68,1,74.9,76.9,1,2,0.36504521737951945,0.2132705439073941
STU0978,Computer,8.46,0,4,4,72,0,35.9,35.7,1,1,-1.1521919669778433,1.4144559140834891
STU0979,IT,9.05,1,5,4,80,0,59.4,43.6,0,1,0.7106695370191163,1.6773906639428504
STU0980,AI&DS,8.78,0,2,4,66,0,83.0,30.2,1,1,0.4257226324039465,-1.3242764838633359
STU0981,IT,9.08,0,3,5,83,1,72.2,47.5,1,2,0.41552342924208086,0.7640079632482334
STU0982,ENTC,8.27,0,3,0,79,0,51.9,92.9,1,1,0.5916959554814878,0.5798316816939594
STU0983,Computer,7.67,0,3,3,71,1,84.2,64.7,1,2,0.46196644922408475,-0.5988206873070097
STU0984,Computer,6.16,0,2,2,65,1,80.5,54.2,0,2,-1.0233881444332145,-1.7165689045383339
STU0985,ENTC,7.38,0,3,4,82,1,64.1,76.7,1,2,-0.6375010878876075,1.2125861365636732
STU0986,IT,6.84,0,2,2,59,0,79.4,78.9,0,1,-0.1603291928865951,-1.221122070440924
STU0987,ENTC,9.55,1,6,5,73,1,94.0,46.7,1,2,2.565321279625794,0.809000816356418
STU0988,IT,7.44,0,4,3,64,0,54.3,100.0,0,1,-0.13346523471656768,1.4372603405735564
STU0989,Computer,7.71,1,2,4,75,0,75.2,69.1,1,1,-0.08127936524859743,0.44122506824696467
STU0990,Mechanical,8.1,1,1,1,73,0,93.8,71.0,0,1,1.3233647558892991,-1.6939263256447183
STU0991,ENTC,7.64,1,4,1,69,0,76.5,72.5,0,1,1.0563463358535496,-0.25555671115858875
STU0992,ENTC,9.13,0,4,4,62,1,58.2,72.4,1,2,0.7448752302485543,0.9866110710738529
STU0993,Computer,7.04,0,2,0,84,0,71.1,55.7,0,1,-0.352415448685521,-1.1918582862475404
STU0994,AI&DS,7.78,1,6,4,62,0,85.8,96.7,0,1,1.7992112017487574,1.4207651246012603
STU0995,IT,6.93,0,3,0,81,1,54.8,60.7,0,2,-0.793781678768101,-0.35415858512577064
STU0996,Computer,6.41,0,0,3,81,0,67.6,79.4,1,1,-1.7258635147232282,-0.19120714376314626
STU0997,Civil,7.05,2,3,2,76,1,64.8,57.9,0,0,-0.4080821296585388,0.3693883199759908
STU0998,Computer,7.57,2,1,3,66,0,59.8,55.2,0,0,-0.8591983958727175,-0.034405979255016206
STU0999,Civil,7.21,0,2,3,70,0,71.1,93.5,0,1,-0.24553932045885807,0.24868097032507108
STU1000,IT,6.98,0,3,2,81,1,66.7,63.4,1,2,-0.6303339493402742,0.004009797268231082
